"Post ID","Account ID","Account username","Account name",Description,"Duration (sec)","Publish time",Permalink,"Post type","Data comment",Date,Reach,Likes,Shares,Follows,Comments,Saves
18027156367763574,17841460557348833,arthadashing_,"Artha Dashing","Agak laen🗿🗿

Info iphone imei terdaftar permanent cuma di @purapura.ponsel 

#arthadashing #purapuraponsel #reels",35,"12/10/2023 03:29",https://www.instagram.com/reel/C0q7z1JPzXC/,"IG reel","An error occurred while computing metrics.",-,,,,,,
18398711254042056,17841460557348833,arthadashing_,"Artha Dashing","Emang boyeh😭

Boleh aja sihh kalau beli hp nya di @purapura.ponsel
Karena imei sudah permanent dan ada garansi uang kembali 100% kalau terblockir guys
Yuk gas kan

Sumber : @arthadashing_",27,"12/01/2023 00:06",https://www.instagram.com/reel/C0TZZUQvCcs/,"IG reel","An error occurred while computing metrics.",-,,,,,,
17868814784910381,17841400038483632,nix.doni,IPutuDoniAdiAnggara,"semangat olga sore ton💪 yg semangat yg baru yg panas cuma ada di @purapura.ponsel 
•
•
•
•
#omdonilele #mandikopi #kumislele #purapuraponsel",26,"05/07/2023 02:52",https://www.instagram.com/reel/Cr8ABstthaF/,"IG reel",,Lifetime,54,1205,0,0,5,0
18098203138350280,17841460557348833,arthadashing_,"Artha Dashing","Thanks For 2023 And See You In 2024✨

#purapuraponsel #arthadashing",75,"12/31/2023 00:09",https://www.instagram.com/reel/C1gpMrPPpvx/,"IG reel",,Lifetime,789,258,0,0,8,0
18277004857089154,17841400038483632,nix.doni,IPutuDoniAdiAnggara,"Rahejeng tumpek landep ton🙏 Hari ni tgl:30 toko tutup ya buka kembali besok tgl:31 desembaerr kira besok ada promo new year apa ni di 
@purapura.ponsel

#omdonilele #kumislele #kumislele #kopibali #purapuraponsel #newyear #purapuraponsel #rahjengtumpeklandep #tumpeklandep",15,"12/29/2023 21:32",https://www.instagram.com/reel/C1dyoOIveLE/,"IG reel",,Lifetime,235,531,0,0,9,0
18008863142171594,17841414051683694,purapura.ponsel,"Pura Pura Ponsel","Pendapat kalian gimana ton?

Sifat dia akan berubah ketika dia sudah bosan🙂

Tapi kalau warna natural titanium dijamin gabikin bosan✨
Gas beliin aja pasangan kalian hanya di @purapura.ponsel harga paling murah sebali
Free : adaptor fast charging,Case , tampre glass,backup data,update ios, dan member berhadiah airpods pro🔥",10,"12/29/2023 02:32",https://www.instagram.com/reel/C1bwbZIvmQH/,"IG reel",,Lifetime,131,502,0,0,7,18
18106258660364179,17841460557348833,arthadashing_,"Artha Dashing","Cuma Lap Kaca Kok🗿

Jika kamu mau aman dan nyaman..
Maka percayakan kebutuhan gadget mu hanya di @purapura.ponsel 
Iphone second imei terdaftar permanent disini tepatnya
• Garansi uang kembali
• Harga Promo
• Banyak Bonusnya
• Dapatkan Member Berhadiah Aipods

By : @arthadashing_",9,"12/26/2023 01:39",https://www.instagram.com/reel/C1T7hggPwJe/,"IG reel",,Lifetime,847,1070,15,0,20,0
18005129012224144,17841414051683694,purapura.ponsel,"Pura Pura Ponsel","Beli hp dapet hp? Bisa dong 😍
Spesial hari raya natal, setiap pembelian handphone kalian akan mendapatkan mystery box dan berkesempatan mendapatkan handphone 🥳

Jadi tunggu apa lagi?
Langsung merapat ke Pura Pura Ponsel
____

Info Lebih Lanjut ✨
(Click Link on Bio)

📍	Jl. Kroya No. 3, Kesiman, Denpasar
⏰	Open Everyday 09:00 - 22:00 WIB⁣⁣⁣⁣⁣⁣⁣⁣⁣⁣⁣⁣⁣⁣⁣⁣⁣⁣⁣⁣⁣⁣⁣⁣⁣⁣⁣⁣⁣⁣
📲	CS : 08873016965
📲	Admin : 082236700634
🛒	Tokopedia: Pura Pura Ponsel
🛒	Shopee: Purapuraponsel.bali
.
 #iphone12promax #applestore #iphonebali #iphonedenpasar #purapuraponsel",4,"12/25/2023 01:11",https://www.instagram.com/reel/C1RT63zSbT1/,"IG reel",,Lifetime,21004,179,0,0,5,2
17998600637160741,17841414051683694,purapura.ponsel,"Pura Pura Ponsel","Terpantau.. Info dong santa terdekat😭 pengen juga mimin barter rok*k doabg dapat iphone huaaaaaaa

Special promo Natal tgl 25 Desember 2023, setiap pembelian hanphone langsung ketoko ,kalian akan berhak mendapatkan 1 buah mystery box bebas pilih
Dan berkesempatan memenangkan hadiah utama yaitu iphone😍
Dan masih banyak lagi hadiah menarik lainnya guys
Jadi siap - siap besok yah🔥

Selamat Natal buat yang merayakan
Dan selamat menyambut tahun baru buat kita semua🎉🥳
Iphone secodn imei permanent cuma di @purapura.ponsel 

Sumber : @arthadashing_",29,"12/23/2023 23:51",https://www.instagram.com/reel/C1OlXj5S4ql/,"IG reel",,Lifetime,77,1098,0,0,10,27
18247665532211800,17841460557348833,arthadashing_,"Artha Dashing","Lagi dan lagi terjadi aksi pencurian helemt tertangkap cctv
Kejadian Jumat 22 Desember 2023 Di depan toko
Namun anehnya kali ini bukan pencurian melainkan penukaran helmt. Mimin juga bingung kemungkinan helmt yang di ambil harganya lebih mahal huh kasian bgt yang punya helmt hitam itu😭

Ada yang bisa bantu jelaskan tolong bantu jawab di komentar guys🗿

Sumber : @purapura.ponsel (toko ponsel imei permanent garansi seumur hidup)",41,"12/21/2023 23:50",https://www.instagram.com/reel/C1JbwrevgS9/,"IG reel",,Lifetime,1150,844,0,0,17,0
18209391418276538,17841414051683694,purapura.ponsel,"Pura Pura Ponsel","Nahh lo kalian kenapa miring” gitu kepalanya🤣

Mau yg lebih miring? Ada.. harga iphone di @purapura.ponsel semua miring” dan imeinya permanent
Garansi uang kembali 100% jika sampai pemblockiran
Langsung ke store guys bisa tukar tambah juga guys ya",14,"12/19/2023 04:15",https://www.instagram.com/reel/C1CMOYKPfBT/,"IG reel",,Lifetime,174,692,0,0,7,49
18008855489497249,17841403443955617,xmade_official,"TEAM BERSYUKUR","vidio ini mengandung hp baru dari @purapura.ponsel",104,"12/19/2023 03:35",https://www.instagram.com/reel/C1CHob1yvvZ/,"IG reel",,Lifetime,215,1612,0,0,10,0
18044326921576650,17841414051683694,purapura.ponsel,"Pura Pura Ponsel","kalian nangka gak sih guys
iPhone 12 Pro Max 256GB cuman 3 juta nambah dikit? 😍
cuman di toko mimin nih, iPhone yg cocok untuk 2024 cuman 3 jutaan nambah dikit 

____

Info Lebih Lanjut ✨
(Click Link on Bio)

📍	Jl. Kroya No. 3, Kesiman, Denpasar
⏰	Open Everyday 09:00 - 22:00 WIB⁣⁣⁣⁣⁣⁣⁣⁣⁣⁣⁣⁣⁣⁣⁣⁣⁣⁣⁣⁣⁣⁣⁣⁣⁣⁣⁣⁣⁣⁣
📲	CS : 08873016965
📲	Admin : 082236700634
🛒	Tokopedia: Pura Pura Ponsel
🛒	Shopee: Purapuraponsel.bali
.
#iphone15 #iphone12promax #applestore #iphonebali #iphonedenpasar #purapuraponsel",20,"12/15/2023 03:56",https://www.instagram.com/reel/C0328hxv1ty/,"IG reel",,Lifetime,68700,1151,0,3,17,61
18011430820923649,17841403443955617,xmade_official,"TEAM BERSYUKUR","pura pura baik itu kurang baik , karena selama ini yang terbaik adalah @purapura.ponsel udah gitu aja ~",0,"12/12/2023 23:59",https://www.instagram.com/p/C0ySO6hSQkd/,"IG image",,Lifetime,313,3354,0,0,52,0
17907304940889992,17841414051683694,purapura.ponsel,"Pura Pura Ponsel","Waduhh kirain surprise biasa, ternyata surprise madepaker🤣😭
.
Pusing nyari iphone second imei permanent di mana?? Yuk gas kan cuma di @purapura.ponsel aja guys
Imei garansi uang kembali jika sampai ke blockir guys ya
Jadi di pasti kan aman permanent, bisa tukar tambah juga dari hp lama kalian guys🔥🔥

By : @arthadashing_",9,"12/12/2023 05:32",https://www.instagram.com/reel/C0wTgnqPw1R/,"IG reel",,Lifetime,131,257,0,0,3,6
18100976425367718,17841400038483632,nix.doni,IPutuDoniAdiAnggara,"mabuk duren kopi🔥🔥🔥otw yuk cari duda keren ke  @purapura.ponsel bisa tukar tambah🤫
•
•
•
#omdonilele #kopihitam #kopibali #fyp #purapuraponsel #semangatminggu",48,"12/10/2023 02:07",https://www.instagram.com/reel/C0qyVmuP34Q/,"IG reel",,Lifetime,186,1127,0,0,3,0
17984780984571818,17841414051683694,purapura.ponsel,"Pura Pura Ponsel","Lah dikira pantun🗿🗿

Serius mimin mau info nih, iphone second imei permanent cuma di @purapura.ponsel aja guys🔥
#reels #purapuraponsel",10,"12/09/2023 04:28",https://www.instagram.com/reel/C0odlN8PmIb/,"IG reel",,Lifetime,95,435,0,0,7,10
18218143930271822,17841414051683694,purapura.ponsel,"Pura Pura Ponsel","IPHONE 12 PRO

nih mimin rekomenin buat kalian yang baru mau pakai iPhone biar gak ketinggalan nih.
jadi untuk iPhone 12 pro ini ukurannya yang tidak terlalu besar jadi enak digenggam.

buat pengguna 12 pro
share cerita kalian di kolom komentar ya 😘

____

Info Lebih Lanjut ✨
(Click Link on Bio)

📍	Jl. Kroya No. 3, Kesiman, Denpasar
⏰	Open Everyday 09:00 - 22:00 WIB⁣⁣⁣⁣⁣⁣⁣⁣⁣⁣⁣⁣⁣⁣⁣⁣⁣⁣⁣⁣⁣⁣⁣⁣⁣⁣⁣⁣⁣⁣
📲	CS : 08873016965
📲	Admin : 082236700634
🛒	Tokopedia: Pura Pura Ponsel
🛒	Shopee: Purapuraponsel.bali
.
#iphone12 #iphone12pro #applestore #iphonebali #iphonedenpasar #purapuraponsel",32,"12/05/2023 05:15",https://www.instagram.com/reel/C0eP5zOvr_i/,"IG reel",,Lifetime,36812,812,0,0,16,50
18225128557247851,17841402045745234,pandu_yakuza,"Putu Pandu Aprison","“ POV antar istri beli Iphone 15 ke @purapura.ponsel “

Welcome december jangan lupa sisihkan tabungan kalian atau warisan orangtua kalian, lalu segera meluncur ke @purapura.ponsel 

Dapatkan promo brand new or second Iphone dan bisa cash maupun kredit

#pandu_yakuza #youtube #reels #tiktok #duthashopbali #kmcrteam #evolene #purapuraponsel #gym #chest #back #shoulder #bicep #tricep #leg #sixpack #viral #dagelan #trending #fitness #diet #mealprep #dietfood #2023",44,"11/30/2023 15:10",https://www.instagram.com/reel/C0ScEZcvACh/,"IG reel",,Lifetime,327,921,0,0,25,0
18031820143657350,17841460557348833,arthadashing_,"Artha Dashing","Duel bergengsi🔥🔥
 
Mau lebih bergengsi lagi? Yuk beli iphone di @purapura.ponsel dijamin imei terdaftar permanent, garansi uang kembali kalau sampai ke blockir🔥

By : @arthadashing_ @xmade_official",39,"11/30/2023 04:31",https://www.instagram.com/reel/C0RSx7AvJjX/,"IG reel",,Lifetime,1059,3558,1,0,38,0
17979847184406037,17841414051683694,purapura.ponsel,"Pura Pura Ponsel","Kirain teman baik, ternyata lebih baik tidak berteman😭

Gaskan iphone second imei permanent cuma di @purapura.ponsel 
Bisa tukar tambah dan cicil juga bunga 0% guys🔥

#reels",10,"11/28/2023 02:39",https://www.instagram.com/reel/C0L8fnGPhI3/,"IG reel",,Lifetime,86,337,0,0,2,24
18040945303601557,17841414051683694,purapura.ponsel,"Pura Pura Ponsel","Mitos atau Fakta iPhone ya?
Para pecinta dark mode komen dibawah
emang iya ya kalo aktifin dark mode bisa bikin baterai lebih hemat?
cek faktanya di postingan diatas ya

____

Info Lebih Lanjut ✨
(Click Link on Bio)

📍	Jl. Kroya No. 3, Kesiman, Denpasar
⏰	Open Everyday 09:00 - 22:00 WIB⁣⁣⁣⁣⁣⁣⁣⁣⁣⁣⁣⁣⁣⁣⁣⁣⁣⁣⁣⁣⁣⁣⁣⁣⁣⁣⁣⁣⁣⁣
📲	CS : 08873016965
📲	Admin : 082236700634
🛒	Tokopedia: Pura Pura Ponsel
🛒	Shopee: Purapuraponsel.bali
.
#iphone15 #iphone15promax #applestore #iphonebali #iphonedenpasar #purapuraponsel",0,"11/27/2023 04:15",https://www.instagram.com/p/C0JiyEDvvsU/,"IG carousel",,Lifetime,92,181,0,0,2,17
18032704585643752,17841400038483632,nix.doni,IPutuDoniAdiAnggara,"semangat minggu ton🙏💪 @purapura.ponsel 
•
•
•
#omdonilele #kopihitam #kopibali #fyp #purapuraponsel #semangatminggu",22,"11/26/2023 01:23",https://www.instagram.com/reel/C0GqKi1vGfh/,"IG reel",,Lifetime,195,411,0,0,7,0
18000722501067932,17841414051683694,purapura.ponsel,"Pura Pura Ponsel","Aduh hancur hatiku😭

Makannya cari tempat beli yang pasti - pasti
Cuma di @purapura.ponsel yang harganya terjangkau banyak free nya dan garansi resmi indonesia❤️

Kepoin ig kita dan dapetin hadiah guys",9,"11/24/2023 03:07",https://www.instagram.com/reel/C0BskdrvFdz/,"IG reel",,Lifetime,43,470,0,0,10,7
18021096511854933,17841414051683694,purapura.ponsel,"Pura Pura Ponsel","Sesi tanya jawab yookkss 🔥

____

Info Lebih Lanjut ✨
(Click Link on Bio)

📍	Jl. Kroya No. 3, Kesiman, Denpasar
⏰	Open Everyday 09:00 - 22:00 WIB⁣⁣⁣⁣⁣⁣⁣⁣⁣⁣⁣⁣⁣⁣⁣⁣⁣⁣⁣⁣⁣⁣⁣⁣⁣⁣⁣⁣⁣⁣
📲	CS : 08873016965
📲	Admin : 082236700634
🛒	Tokopedia: Pura Pura Ponsel
🛒	Shopee: Purapuraponsel.bali
.
#iphone15 #iphone15promax #applestore #iphonebali #iphonedenpasar #purapuraponsel",15,"11/20/2023 04:44",https://www.instagram.com/reel/Cz3kgPePbVY/,"IG reel",,Lifetime,49,1423,0,0,240,31
18273036934084610,17841414051683694,purapura.ponsel,"Pura Pura Ponsel","ALASAN ORANG ORANG SETIA DENGAN IPHONE

✅ Produk Lebih Awet
✅ Keamanan Lebih Bagus
✅ Branding Yang Eksklusif
✅ Kualitas Kamera Yang Bagus
✅ Ekosistem Yang Terintegrasi Dengan Baik

Gimana menurut kalian?
setup gak sih sama mimin? 😋
komentar dibawah ya

____

Info Lebih Lanjut ✨
(Click Link on Bio)

📍	Jl. Kroya No. 3, Kesiman, Denpasar
⏰	Open Everyday 09:00 - 22:00 WIB⁣⁣⁣⁣⁣⁣⁣⁣⁣⁣⁣⁣⁣⁣⁣⁣⁣⁣⁣⁣⁣⁣⁣⁣⁣⁣⁣⁣⁣⁣
📲	CS : 08873016965
📲	Admin : 082236700634
🛒	Tokopedia: Pura Pura Ponsel
🛒	Shopee: Purapuraponsel.bali
.
#iphone15 #iphone15promax #applestore #iphonebali #iphonedenpasar #purapuraponsel",0,"11/19/2023 00:35",https://www.instagram.com/p/Cz0jRQdvNvm/,"IG image",,Lifetime,50,103,0,0,0,7
18395410264048798,17841403443955617,xmade_official,"TEAM BERSYUKUR","promo special re-opening @purapura.ponsel",160,"11/18/2023 02:08",https://www.instagram.com/reel/CzyI3yESpiM/,"IG reel",,Lifetime,270,1693,0,0,20,0
17896183433919040,17841412491622685,gek_cantik25,"𝗜 𝗚 𝗔 𝗗𝗶𝗮𝗵 𝗖𝗮𝗵𝘆𝗮 𝗗𝗲𝘄𝗶","REOPENING Bagi2 100 Airpods untuk 100 oreng pertama yg datang ke @purapura.ponsel @purapura.ponsel minimal belanja 50ribu!!!
📍Jl.Kroya Denpasar 
Gasss Merapaaattt semetonnnb!!!!
Jangan Sampai Gak Kebagian!!!!🥰",72,"11/17/2023 05:35",https://www.instagram.com/reel/Czv78JXvRoi/,"IG reel",,Lifetime,390,1123,0,0,11,0
17903530532809370,17841414051683694,purapura.ponsel,"Pura Pura Ponsel","EMANG BOLEH SETENGAH-SETENGAH

Metode Split Payment ini bisa kebagi jadi 3
tergantung kebutuhan kamu.

Cash & Transfer
Nah metode ini bisa banget kalau kamu gak mau antri ke ATM buat ambil cash lagi kalau pas pembayaran kurang

Cash / Transfer & Kredit / Paylater
Dana kamu kurang? tenang aja masih bisa dibantu sama limit Paylater atau Finance yang kamu punya kok jadi bisa disesuaikan sama kekurangan kamu.

Cash / Transfer & Kredit / Paylater & Tukar Tambah
mau kredit, tapi ada DPnya? dan kamu tidak bawa cash untuk DP? tenang kamu bisa pakai handphone lama kamu sebagai DP loh

____

Info Lebih Lanjut ✨
(Click Link on Bio)

📍    Jl. Kroya No. 3, Kesiman, Denpasar
⏰    Open Everyday 09:00 - 22:00 WIB⁣⁣⁣⁣⁣⁣⁣⁣⁣⁣⁣⁣⁣⁣⁣⁣⁣⁣⁣⁣⁣⁣⁣⁣⁣⁣⁣⁣⁣⁣
📲    CS : 08873016965
📲    Admin : 082236700634
🛒    Tokopedia: Pura Pura Ponsel
🛒    Shopee: Purapuraponsel.bali
.
#iphone15 #iphone15promax #applestore #iphonebali #iphonedenpasar #purapuraponsel",0,"11/16/2023 02:15",https://www.instagram.com/p/CztAXmkPR83/,"IG carousel",,Lifetime,48,101,0,0,3,12
18214525117264743,17841414051683694,purapura.ponsel,"Pura Pura Ponsel","Waduhh kok toko mimin di bongkar guys😭
Tega bgt sihhh !!

Tapi bohong guys🤣, toko mimin sengaja di bongkar untuk di renov, agar kalian makin betah kalau belanja kesini❤️
Special Reopening toko kita ngadain promo besar”an, dan setiap pembelian unit akan langsung dapat free airpods pro guys
Yuk buruan guys merapat sekarang juga🔥",48,"11/16/2023 01:44",https://www.instagram.com/reel/Czs8bMovjnz/,"IG reel",,Lifetime,46,412,0,0,3,8
18014768833826805,17841400038483632,nix.doni,IPutuDoniAdiAnggara,"Reopening hari ini ton @purapura.ponsel  ganasss gassss🔥
•
•
•
#omdonilele #kopihitam #kopibali #fyp #purapuraponsel #semngatsenin",23,"11/12/2023 18:49",https://www.instagram.com/reel/CzkenuPvX4k/,"IG reel",,Lifetime,156,441,0,0,3,0
18205672108275698,17841414051683694,purapura.ponsel,"Pura Pura Ponsel","RE OPENING 😍

Yang dinanti nanti akhirnya
Toko mimin sudah selesai renovasi ya
Dan spesialnya untuk 50 customer pertama akan mendapatkan free airpods pro 😍

Jadi tunggu apa lagi, langsung merapat ke pura pura ponsel
____
Info Lebih Lanjut ✨
(Click Link on Bio)

📍	Jl. Kroya No. 3, Kesiman, Denpasar
⏰	Open Everyday 09:00 - 22:00 WIB⁣⁣⁣⁣⁣⁣⁣⁣⁣⁣⁣⁣⁣⁣⁣⁣⁣⁣⁣⁣⁣⁣⁣⁣⁣⁣⁣⁣⁣⁣
📲	CS : 08873016965
📲	Admin : 082236700634
🛒	Tokopedia: Pura Pura Ponsel
🛒	Shopee: Purapuraponsel.bali
.
#iphone15 #iphone15promax #applestore #iphonebali #iphonedenpasar #purapuraponsel",0,"11/12/2023 02:03",https://www.instagram.com/p/Czir0jhvA2S/,"IG carousel",,Lifetime,37636,222,0,0,0,7
17992037828178670,17841414051683694,purapura.ponsel,"Pura Pura Ponsel","BARU TAU SETELAH PAKAI 15 PRO

Kalian udah cobain belum?
Kalo mimin sih udah 😋
____
Info Lebih Lanjut ✨
(Click Link on Bio)

📍	Jl. Kroya No. 3, Kesiman, Denpasar
⏰	Open Everyday 09:00 - 22:00 WIB⁣⁣⁣⁣⁣⁣⁣⁣⁣⁣⁣⁣⁣⁣⁣⁣⁣⁣⁣⁣⁣⁣⁣⁣⁣⁣⁣⁣⁣⁣
📲	CS : 08873016965
📲	Admin : 082236700634
🛒	Tokopedia: Pura Pura Ponsel
🛒	Shopee: Purapuraponsel.bali
.
#iphone15 #iphone15promax #applestore #iphonebali #iphonedenpasar #purapuraponsel",19,"11/10/2023 04:01",https://www.instagram.com/reel/CzdvlYZy3Eo/,"IG reel",,Lifetime,174,736,2,0,9,29
17888912114946591,17841414051683694,purapura.ponsel,"Pura Pura Ponsel","ENTRY LEVEL BEST SELLER

Setelah iphone 11 pada tahun ini dan kemungkinan tidak dapat update ios pada tahun depan
mimin rekomendasiin iphone 12 yg sekarang lagi turun harga nih brand new start 9jutaan 😍 koneksi sudah 5G, dan layar oled
Jadi cocok banget buat kalian yg mau upgrade handphone lama kalian 🥰
____
Info Lebih Lanjut ✨
(Click Link on Bio)

📍	Jl. Kroya No. 3, Kesiman, Denpasar
⏰	Open Everyday 09:00 - 22:00 WIB⁣⁣⁣⁣⁣⁣⁣⁣⁣⁣⁣⁣⁣⁣⁣⁣⁣⁣⁣⁣⁣⁣⁣⁣⁣⁣⁣⁣⁣⁣
📲	CS : 08873016965
📲	Admin : 082236700634
🛒	Tokopedia: Pura Pura Ponsel
🛒	Shopee: Purapuraponsel.bali
.
#iphone15 #iphone15promax #applestore #iphonebali #iphonedenpasar #purapuraponsel",0,"11/09/2023 00:32",https://www.instagram.com/p/Czay-GyyA20/,"IG image",,Lifetime,182,199,0,1,8,27
17933604062773770,17841414051683694,purapura.ponsel,"Pura Pura Ponsel","Ada yang bisa bantu jawab nggak🤨 ?

Kalau mimin bantu jawabin ini aja
Tempat beli iphone 15 promax warna natural titanium dimana? Cuma di @purapura.ponsel
Langsung merapat bisa tukar tambah ataupun kredit bunga 0% guys

By : @arthadashing_",10,"11/08/2023 04:36",https://www.instagram.com/reel/CzYqEF_SAYD/,"IG reel",,Lifetime,330,15723,0,0,7666,131
17986294388442157,17841414051683694,purapura.ponsel,"Pura Pura Ponsel","PERBANDINGAN IPHONE BEST SELLER

Perbandingan kamera iPhone yang paling Best Seller di toko mimin😱‼️

kalau mau cari kamera 0,5 gak harus boba 3 dong, boba 2 aja udah bisa 😍
jadi mana nih iPhone incaran kalian?
komen di bawah ya 🥳
____
Info Lebih Lanjut ✨
(Click Link on Bio)

📍    Jl. Kroya No. 3, Kesiman, Denpasar
⏰    Open Everyday 09:00 - 22:00 WIB⁣⁣⁣⁣⁣⁣⁣⁣⁣⁣⁣⁣⁣⁣⁣⁣⁣⁣⁣⁣⁣⁣⁣⁣⁣⁣⁣⁣⁣⁣
📲    CS : 08873016965
📲    Admin : 082236700634
🛒    Tokopedia: Pura Pura Ponsel
🛒    Shopee: Purapuraponsel.bali
.
#iphone15 #iphone15promax #applestore #iphonebali #iphonedenpasar #purapuraponsel",0,"11/06/2023 02:25",https://www.instagram.com/p/CzTRl3mSlfV/,"IG image",,Lifetime,372,281,0,0,0,33
17946842174711655,17841402045745234,pandu_yakuza,"Putu Pandu Aprison","“ WELCOME NOVEMBER “

PO iphone 15
Bisa credit
Bisa tukar tambah
Garansi 24 bulan

hanya di @purapura.ponsel @arthadashing_ @gustiadiarta 

#pandu_yakuza #youtube #reels #tiktok #duthashopbali #kmcrteam #evolene #purapuraponsel #gym #chest #back #shoulder #bicep #tricep #leg #sixpack #viral #dagelan #trending #fitness #diet #mealprep #dietfood #2023",28,"11/05/2023 19:43",https://www.instagram.com/reel/CzSjdD-PP1A/,"IG reel",,Lifetime,704,1325,1,0,29,0
18006751498898329,17841414051683694,purapura.ponsel,"Pura Pura Ponsel","TEBAK TEBAKAN YUK 😋

Ada yg tau gak, kenapa si Udin ngambil ikan?
Kalau mimin sih udah pasti ambil uang 10 juta 😋 buat dijadiin  DP untuk kredit iPhone 15 Pro Max hehe
____
Info Lebih Lanjut ✨
(Click Link on Bio)

📍	Jl. Kroya No. 3, Kesiman, Denpasar
⏰	Open Everyday 09:00 - 22:00 WIB⁣⁣⁣⁣⁣⁣⁣⁣⁣⁣⁣⁣⁣⁣⁣⁣⁣⁣⁣⁣⁣⁣⁣⁣⁣⁣⁣⁣⁣⁣
📲	CS : 08873016965
📲	Admin : 082236700634
🛒	Tokopedia: Pura Pura Ponsel
🛒	Shopee: Purapuraponsel.bali
.
#iphone15 #iphone15promax #applestore #iphonebali #iphonedenpasar #purapuraponsel",16,"11/05/2023 04:41",https://www.instagram.com/reel/CzQ8LGzSoNs/,"IG reel",,Lifetime,275,479,0,1,47,2
17944246694721447,17841400038483632,nix.doni,IPutuDoniAdiAnggara,"ada yg baru ni di  @purapura.ponsel ip15 udahhh ada ni yukk gasssss🔥🔥
•
•
•
#omdonilele #kopihitam #kopibali #fyp #purapuraponsel",56,"11/05/2023 02:36",https://www.instagram.com/reel/CzQtz0LvkEz/,"IG reel",,Lifetime,254,933,1,0,33,0
18014420281799653,17841414051683694,purapura.ponsel,"Pura Pura Ponsel","Perbedaan warna white pada iPhone🙌

Ini jadi signature dari tiap series iPhone juga sih, kalo kalian paling suka yang mana⁉️🤗✨
____
Info Lebih Lanjut ✨
(Click Link on Bio)

📍	Jl. Kroya No. 3, Kesiman, Denpasar
⏰	Open Everyday 09:00 - 22:00 WIB⁣⁣⁣⁣⁣⁣⁣⁣⁣⁣⁣⁣⁣⁣⁣⁣⁣⁣⁣⁣⁣⁣⁣⁣⁣⁣⁣⁣⁣⁣
📲	CS : 08873016965
📲	Admin : 082236700634
🛒	Tokopedia: Pura Pura Ponsel
🛒	Shopee: Purapuraponsel.bali
.
#iphone15 #iphone15promax #applestore #iphonebali #iphonedenpasar #purapuraponsel",0,"11/04/2023 05:30",https://www.instagram.com/p/CzOWT5VPrB6/,"IG carousel",,Lifetime,67,150,0,0,0,6
18298849948130544,17841414051683694,purapura.ponsel,"Pura Pura Ponsel","EMANG BOLEH SEGWENCANA INI?

padahal kalau belinya di Pura Pura Ponsel 
kalian gak harus jual Ginjal 😭

karena kalian bisa kredit dengan bunga sampli 0%
ditambah free aksesoris

selain itu kallan juga bisa gunakan handphone kalian sebagai DP
atau di tukar tambah 🥹
____
Info Lebih Lanjut ✨
(Click Link on Bio)

📍	Jl. Kroya No. 3, Kesiman, Denpasar
⏰	Open Everyday 09:00 - 22:00 WIB⁣⁣⁣⁣⁣⁣⁣⁣⁣⁣⁣⁣⁣⁣⁣⁣⁣⁣⁣⁣⁣⁣⁣⁣⁣⁣⁣⁣⁣⁣
📲	CS : 08873016965
📲	Admin : 082236700634
🛒	Tokopedia: Pura Pura Ponsel
🛒	Shopee: Purapuraponsel.bali
.
#iphone15 #iphone15promax #applestore #iphonebali #iphonedenpasar #purapuraponsel",11,"11/04/2023 00:31",https://www.instagram.com/reel/CzN0DSYS7WT/,"IG reel",,Lifetime,108,535,0,0,7,20
17997845093205655,17841414051683694,purapura.ponsel,"Pura Pura Ponsel","YAKIN NIH?

iPhone kamu taba-tiba hilang sinyal?
atau Malayan wi-fi only? 😱

iPhone murah memang banyak, tapi yakin aman?
nih mimin kasi tau ya! 🙂

iPhone kamu hilang sinyal?
tukar tambah saja di Pura Pura Ponsel 😍
____
Info Lebih Lanjut ✨
(Click Link on Bio)

📍	Jl. Kroya No. 3, Kesiman, Denpasar
⏰	Open Everyday 09:00 - 22:00 WIB⁣⁣⁣⁣⁣⁣⁣⁣⁣⁣⁣⁣⁣⁣⁣⁣⁣⁣⁣⁣⁣⁣⁣⁣⁣⁣⁣⁣⁣⁣
📲	CS : 08873016965
📲	Admin : 082236700634
🛒	Tokopedia: Pura Pura Ponsel
🛒	Shopee: Purapuraponsel.bali
.
#iphone15 #iphone15promax #applestore #iphonebali #iphonedenpasar #purapuraponsel",0,"10/31/2023 19:07",https://www.instagram.com/p/CzFglG5PlQS/,"IG carousel",,Lifetime,65,92,0,0,5,7
17994709169339013,17841414051683694,purapura.ponsel,"Pura Pura Ponsel","Oh yaudah si🗿👍

Kalau mau ikut pamer yuk beli iphone 15 series nya di @purapura.ponsel dijamin harga paling murah seindonedia
Free adaptor premium, Case, Tampre Glass, Dan mamber card berhadiah airpod pro😍

By : @arthadashing_",10,"10/31/2023 17:37",https://www.instagram.com/reel/CzFWNDsS9or/,"IG reel",,Lifetime,2745,295016,10,1,4522,11743
18018125590858087,17841414051683694,purapura.ponsel,"Pura Pura Ponsel","IPHONE HANDALAN MIMIN

Selain dari Spesifikasi
tentu saja warnanya cakep-cakep banget 😍

Apalagi belinya di Pura-Pura Ponsel 😍🙌

____
Info Lebih Lanjut ✨
(Click Link on Bio)

📍	Jl. Kroya No. 3, Kesiman, Denpasar
⏰	Open Everyday 09:00 - 22:00 WIB⁣⁣⁣⁣⁣⁣⁣⁣⁣⁣⁣⁣⁣⁣⁣⁣⁣⁣⁣⁣⁣⁣⁣⁣⁣⁣⁣⁣⁣⁣
📲	CS : 08873016965
📲	Admin : 082236700634
🛒	Tokopedia: Pura Pura Ponsel
🛒	Shopee: Purapuraponsel.bali
.
#iphone15 #iphone15promax #applestore #iphonebali #iphonedenpasar #purapuraponsel",0,"10/30/2023 20:04",https://www.instagram.com/p/CzDCT4SvNy7/,"IG carousel",,Lifetime,327,418,0,0,2,46
17974107455442570,17841414051683694,purapura.ponsel,"Pura Pura Ponsel","Sejauh ini , ini yang paling jauh🗿

Tapi kalau mau nyari iphone 15 warna natural gausah jauh jauh ,langsung aja ke @purapura.ponsel dijamin ready dan harga promo
Free adapter premium case, tampre glass, dan member bonus airpod pro🔥

By : @arthadashing_",49,"10/30/2023 05:17",https://www.instagram.com/reel/CzBcSKkPUp3/,"IG reel",,Lifetime,168,431,0,0,2,3
18037316824582922,17841414051683694,purapura.ponsel,"Pura Pura Ponsel","UNBOXING IPHONE 15 PRO

Oh jadi ini yang dibilang warna langka 😍
di toko mimin ready nih

share dong yang sudah cobain camera iPhone 15 pro ini
spill hasilnya di instagram story ya, jangan luna tag mimin ya 😍

gimana dengin kamu?
warna apa nih yang mau mimin spil?
komen dibawah ya
____
Info Lebih Lanjut ✨
(Click Link on Bio)

📍	Jl. Kroya No. 3, Kesiman, Denpasar
⏰	Open Everyday 09:00 - 22:00 WIB⁣⁣⁣⁣⁣⁣⁣⁣⁣⁣⁣⁣⁣⁣⁣⁣⁣⁣⁣⁣⁣⁣⁣⁣⁣⁣⁣⁣⁣⁣
📲	CS : 08873016965
📲	Admin : 082236700634
🛒	Tokopedia: Pura Pura Ponsel
🛒	Shopee: Purapuraponsel.bali
.
#iphone15 #iphone15promax #applestore #iphonebali #iphonedenpasar #purapuraponsel

🎵 Get Up (tunetank.com)",19,"10/29/2023 22:00",https://www.instagram.com/reel/CzAqsujyZsI/,"IG reel",,Lifetime,67,299,0,0,4,8
17862402996024110,17841414051683694,purapura.ponsel,"Pura Pura Ponsel","Wahh baik banget cowo nya😭🥰🥰

Tag dong pasangan kalian adakah sebaik pria satu ini?
Pastikan beli ip nya di @purapura.ponsel ya guys
Cuma disini yang ready segala warna dan harganya paling murah sebali
Free adaptor fast charging,case,Tampre glass, member berhadiah airpod pro😱

By : @arthadashing_",10,"10/28/2023 04:20",https://www.instagram.com/reel/Cy8MoS1PmB9/,"IG reel",,Lifetime,1842,108162,11,0,2359,3968
17862402234024341,17841414051683694,purapura.ponsel,"Pura Pura Ponsel","UNBOXING IPHONE 15

Penasaran gimana tapılan iPhone 15?
mimin kaget banget
ternyata warnanya sebagus itu 😍
ini sih jadi iPhone dengan warna terbaik menurut mimin

gimana dengin kamu?
warna apa nio yang mau mimin spil?
komen dibawah ya
____
Info Lebih Lanjut ✨
(Click Link on Bio)

📍	Jl. Kroya No. 3, Kesiman, Denpasar
⏰	Open Everyday 09:00 - 22:00 WIB⁣⁣⁣⁣⁣⁣⁣⁣⁣⁣⁣⁣⁣⁣⁣⁣⁣⁣⁣⁣⁣⁣⁣⁣⁣⁣⁣⁣⁣⁣
📲	CS : 08873016965
📲	Admin : 082236700634
🛒	Tokopedia: Pura Pura Ponsel
🛒	Shopee: Purapuraponsel.bali
.
#iphone15 #iphone15promax #applestore #iphonebali #iphonedenpasar #purapuraponsel",19,"10/28/2023 03:38",https://www.instagram.com/reel/Cy8H1jVyG90/,"IG reel",,Lifetime,66,263,0,0,0,6
18007111337059222,17841414051683694,purapura.ponsel,"Pura Pura Ponsel","REVIEW IPHONE 14 PRO MAX SETELAH 3 BULAN PEMAKAIAN

berbagi pengalaman mimin selama 3 bulan pakti iPhone 14 Pro Max
kalian tertarik?
bisa langsung datang ke store mimin ya
____
Info Lebih Lanjut ✨
(Click Link on Bio)

📍	Jl. Kroya No. 3, Kesiman, Denpasar
⏰	Open Everyday 09:00 - 22:00 WIB⁣⁣⁣⁣⁣⁣⁣⁣⁣⁣⁣⁣⁣⁣⁣⁣⁣⁣⁣⁣⁣⁣⁣⁣⁣⁣⁣⁣⁣⁣
📲	CS : 08873016965
📲	Admin : 082236700634
🛒	Tokopedia: Pura Pura Ponsel
🛒	Shopee: Purapuraponsel.bali
.
#iphone15 #iphone15promax #applestore #iphonebali #iphonedenpasar #purapuraponsel",37,"10/26/2023 03:37",https://www.instagram.com/reel/Cy29j-Ny0z2/,"IG reel",,Lifetime,93,343,0,0,7,11
18021355264830523,17841400038483632,nix.doni,IPutuDoniAdiAnggara,"No Drama sat set jeg ade IP 15 @purapura.ponsel gasss🔥🔥🔥
•
•
•
#omdonilele #kumislele #kopibali #nodrama #ip15 #purapuraponsel",30,"10/24/2023 20:44",https://www.instagram.com/reel/Cyzp8qxvGVp/,"IG reel",,Lifetime,195,626,0,0,5,0
18027509605661343,17841414051683694,purapura.ponsel,"Pura Pura Ponsel","Rejeki anak soleh nih guys😭

Mau PO IPHONE 15 SERIES ? Yu bisa dm ke @purapura.ponsel
Dp cuma 500K bisa tukar tambah bisa cicil juga guys, ready tgl 27 oktober guys🔥🔥",15,"10/24/2023 05:05",https://www.instagram.com/reel/Cyx-mCqy5jH/,"IG reel",,Lifetime,111,234,1,0,3,6
17975757449398668,17841414051683694,purapura.ponsel,"Pura Pura Ponsel","Viral!! Kejadian sore 21 oktober 2023😱
Disebuah toko yang di renovasi di temukan bungkusan berbentuk sperti pocong
Entah siapa orang iseng atau iri dengan bli tersebut
Tetap waspada semeton yahh

Karena diamanapun pasti akan ada yang tidak suka dgn kita

Sumber @purapura.ponsel

Repost : @arthadashing_",133,"10/21/2023 03:09",https://www.instagram.com/reel/Cyp92-Sy5ji/,"IG reel",,Lifetime,78,1845,0,0,74,58
18378857746065856,17841414051683694,purapura.ponsel,"Pura Pura Ponsel","Yang penting yakin🗿

PO iphone 15 Dp pakai hp lama km? rilis tgl 27 oktober !
Bisa Langsung dm🔥

#purapuraponsel #reels",25,"10/18/2023 06:09",https://www.instagram.com/reel/CyipAiMSIF_/,"IG reel",,Lifetime,58,486,0,0,47,7
18011048686815741,17841414051683694,purapura.ponsel,"Pura Pura Ponsel","Walawe…
Iphone second imei terdaftar permanent emang ada lo??
Cuma di toko mimin o @purapura.ponsel",30,"10/16/2023 06:13",https://www.instagram.com/reel/CydfmwMytJU/,"IG reel",,Lifetime,45,185,0,0,0,1
18297240046192975,17841400038483632,nix.doni,IPutuDoniAdiAnggara,"mate sepet ternyata ip 15 tgl 27 oktober ube ade di @purapura.ponsel 😱😱😱😱
•
•
•
#omdonilele #kopihitam #purapuraponsel #kopibali #ip15",55,"10/15/2023 03:03",https://www.instagram.com/reel/Cyaj6R3PAFi/,"IG reel",,Lifetime,178,1041,0,0,2,0
17859614022032841,17841414051683694,purapura.ponsel,"Pura Pura Ponsel","Takut bgt ada yang jatuhh😱

Trnyata yang jatuh itu harapanmu buat nabung,karena sebentar lagi iphone 15 series akan rilis pertama kali di toko @purapura.ponsel guys, jadi yg mau PO udah bisa ya langsung dm skrg juga guys❤️‍🔥

By : @arthadashing_",21,"10/14/2023 03:48",https://www.instagram.com/reel/CyYFnVUSoyi/,"IG reel",,Lifetime,113,316,1,1,4,2
17901685187794278,17841414051683694,purapura.ponsel,"Pura Pura Ponsel","PRE ORDER IPHONE 15 SERIES

PO iPhone 15 series tanpa DP
Garansi resmi Indonesia 😍
Ready tanggal 27 oktober 2023

Tebak berapa harga iphone 15 128GB?

Pemenang akan mendapatkan voucher belanja senilai  200k 😍

____
Info Lebih Lanjut ✨
(Click Link on Bio)

📍	Jl. Kroya No. 3, Kesiman, Denpasar
⏰	Open Everyday 09:00 - 22:00 WIB⁣⁣⁣⁣⁣⁣⁣⁣⁣⁣⁣⁣⁣⁣⁣⁣⁣⁣⁣⁣⁣⁣⁣⁣⁣⁣⁣⁣⁣⁣
📲	CS : 08873016965
📲	Admin : 082236700634
🛒	Tokopedia: Pura Pura Ponsel
🛒	Shopee: Purapuraponsel.bali
.
#iphone15 #iphone15promax #applestore #iphonebali #iphonedenpasar #purapuraponsel",6,"10/11/2023 02:57",https://www.instagram.com/reel/CyQRsjcyJa4/,"IG reel",,Lifetime,124,348,0,0,16,11
18021124789699776,17841414051683694,purapura.ponsel,"Pura Pura Ponsel","PRE ORDER IPHONE 15 SERIES

Buat kalian yang udah gak sabar dengan iphone 15 series, mimin sudah buka nih PO iphone 15 series harga dijamin gak bikin kantong jebol 🤑
Dan yang pasti Garansi Resmi Indonesia 😍
Jadi gak perlu khawatir dengan hilang sinyal 😱

Jadi langsung saja hubungi mimin via DM atau Whatsapp ya karena stock kita terbatas 😍
____
Info Lebih Lanjut ✨
(Click Link on Bio)

📍	Jl. Kroya No. 3, Kesiman, Denpasar
⏰	Open Everyday 09:00 - 22:00 WIB⁣⁣⁣⁣⁣⁣⁣⁣⁣⁣⁣⁣⁣⁣⁣⁣⁣⁣⁣⁣⁣⁣⁣⁣⁣⁣⁣⁣⁣⁣
📲	CS : 08873016965
📲	Admin : 082236700634
🛒	Tokopedia: Pura Pura Ponsel
🛒	Shopee: Purapuraponsel.bali
.
#iphone15 #iphone15promax #applestore #iphonebali #iphonedenpasar #purapuraponsel",0,"10/10/2023 05:42",https://www.instagram.com/p/CyN_vX2yEGi/,"IG image",,Lifetime,18519,387,0,0,5,20
17972434613621019,17841414051683694,purapura.ponsel,"Pura Pura Ponsel","Kira - kira berapa ya 🤔 ?

Bingung ya? Sama mimin juga
Tapi kalau mau beli iphone imei terdaftar permanent dan garansi uang kembali gausah bingung, belinya cuma di @purapura.ponsel",15,"10/10/2023 03:38",https://www.instagram.com/reel/CyNxaqty7NH/,"IG reel",,Lifetime,187,840,0,0,223,18
18083397904384422,17841414051683694,purapura.ponsel,"Pura Pura Ponsel","Yang penting nolong si😭😭

#purapuraponsel #reels",34,"10/08/2023 02:54",https://www.instagram.com/reel/CyIi1CcSTh1/,"IG reel",,Lifetime,42,1445,0,0,3,13
18015104392889531,17841414051683694,purapura.ponsel,"Pura Pura Ponsel","Sebuah tips🗿🗿

Mau airpod pro gratis??
Kepoin akun kita ya guys, nanti kita bakal bagi-bagi tanpa syarat🔥🔥

#reels #purapuraponsel",35,"10/07/2023 05:54",https://www.instagram.com/reel/CyGR-czhBbG/,"IG reel",,Lifetime,41,634,0,0,7,7
18101993491342834,17841414051683694,purapura.ponsel,"Pura Pura Ponsel","Kelakuan siapa nih ton🤣
Kalau mimin sih suka
Apalagii dgn promo turun harga modal dari @purapura.ponsel pasti sangat suka !!
Iphone imei terdaftar permanent garansi uang kembali cuma ada di @purapura.ponsel 

By : @arthadashing_",18,"10/04/2023 02:40",https://www.instagram.com/reel/Cx-OIo9yWJ2/,"IG reel",,Lifetime,49,910,0,0,40,14
17974806068376211,17841414051683694,purapura.ponsel,"Pura Pura Ponsel","Kejadian Selasa 03 Oktober 2023
Awanya tampak seorang pemuda tersesat dan tiba - tiba gempar tanpa ada yang tau kejelasannya

Dan untuk lebih jelasnya kalian bisa tukar tambah iphone lama kalian yg ke blockir dengan imei permanent di @purapura.ponsel karena lagi promo turun harga modal !!

By : @arthadashing_",21,"10/03/2023 02:38",https://www.instagram.com/reel/Cx7o6m0S2sk/,"IG reel",,Lifetime,58,1023,0,0,7,36
18278093926153934,17841402045745234,pandu_yakuza,"Putu Pandu Aprison","“ Awal bulan jgn lupa merapat ke @purapura.ponsel “

Ready semua stock Iphone, Android, Gadget, aksesoris, service, tukar tambah, maupun kredit
#pandu_yakuza #youtube #reels #tiktok #duthashopbali #kmcrteam #evolene #purapuraponsel #gym #chest #back #shoulder #bicep #tricep #leg #sixpack #viral #dagelan #trending #fitness #diet #mealprep #dietfood
#2023",46,"10/02/2023 20:26",https://www.instagram.com/reel/Cx6-XFqP6nn/,"IG reel",,Lifetime,237,539,1,0,7,0
17938161650725641,17841414051683694,purapura.ponsel,"Pura Pura Ponsel","Yang bilang ini editan fix kalian menghina karya seni😱

Gimana udah pada tau promo turun harga modal di toko mimin blm? Yuk kepoing turun harga up to 1 juta🔥🔥
#purapuraponsel #reels",11,"10/02/2023 03:14",https://www.instagram.com/reel/Cx5IWz_Szop/,"IG reel",,Lifetime,43,414,0,0,17,4
17993198252197918,17841400038483632,nix.doni,IPutuDoniAdiAnggara,"udah mau sore ni , masih panas nok kolo kita senam dulu yuk ton biar makin pana🔥 kek kredit cuma 0% cuma di @purapura.ponsel 
•
•
•
#omdonilele #kumislele #kopibali #purapuraponsel #hpmurah",38,"10/02/2023 00:56",https://www.instagram.com/reel/Cx43-AtPfQp/,"IG reel",,Lifetime,148,1605,1,0,9,0
17997760523278747,17841414051683694,purapura.ponsel,"Pura Pura Ponsel","Kejadian sore ini, tetap berhati hati ya semeton
Yang lagi bawa motor maupun mobil selalu waspada🙌

Karena banyak orang make jalan, tapi sedikit orang make phone second yg imeinya kedaftar permanent,karena hanya ada di @purapura.ponsel saja ton
Tempat lain tidak ada, bisa tukar tambah juga lohh semeton yuk langsung merapat🔥

Sumber : @arthadashing_",23,"09/30/2023 03:52",https://www.instagram.com/reel/Cx0DPN7h4NF/,"IG reel",,Lifetime,66644,1105,0,0,6,37
18022459453735580,17841414051683694,purapura.ponsel,"Pura Pura Ponsel","Duhh kasian ada yg mau bantu kaka ini gak guys😂🙏

Langsung kasi iphone boba dari @purapura.ponsel harga termurah sebali free adaptor premium, case ,tampreglass premium dan banyak lagi keuntungan yang kalian dapetin kalau beli disini❤️‍🔥",25,"09/29/2023 04:14",https://www.instagram.com/reel/Cxxg5OtSAMm/,"IG reel",,Lifetime,124,1213,2,0,5,82
18015951082853011,17841414051683694,purapura.ponsel,"Pura Pura Ponsel","Siapa nih yg suka bantu nyetut motor orang waktu liat orang dorong motor?

Sama bgt kaya mimin,waktu itu lagi diperjalanan untuk benerin hp, tiba” habis bensin, mau telpon temen tapi hp mimin ilang sinyal, untung aja ada orang baik yg mau bantu setut in motor mimin ke @purapura.ponsel untuk tukar tambah ke iphone second yang imei nyea terdaftar permanent dan on sinyal selamanya🥰
Makasi orang baik

By : @arthadashing_",26,"09/28/2023 03:23",https://www.instagram.com/reel/Cxu2KndSr4t/,"IG reel",,Lifetime,74,289,1,0,5,3
17981328239522655,17841414051683694,purapura.ponsel,"Pura Pura Ponsel","Aduhh gak ke kontrol nich🤣

Sama seperti kalian kalau melihat promo cuci gudang dari mimin pasti kalian gak bakal ke kontrol 🔥
- Imei terdaftar permanent
- Bisa tukar tambah
- Bisa kredit
- Banyak free nya

#purapuraponsel #iphonedenpasar #iphone15 #reels",10,"09/27/2023 07:26",https://www.instagram.com/reel/CxstB5ZScXU/,"IG reel",,Lifetime,35,1014,0,0,8,42
18006432469970515,17841460557348833,arthadashing_,"Artha Dashing","Curhat sama TUHAN dulu🥹
Hidup tak selamanya berwarna
Tapi urusan iphone semua warna ready di @purapura.ponsel 
Imei permanent 100% uang kembali kalau keblockir !!

#arthadashing #purapuraponsel #viral #reels",32,"09/26/2023 05:46",https://www.instagram.com/reel/Cxp8lHQP9Ol/,"IG reel",,Lifetime,1370,773,0,0,17,0
18026063749578381,17841414051683694,purapura.ponsel,"Pura Pura Ponsel","TONTON SEBELUM UPDATE KE IOS 17

kalau kalian ingin update iOS sekarang waktu yang tepat
jawabannya, sudah pasti ada di video ya ges ya
jadi tonton sampai habis

unit kalian tidak support iOS 17?
tukar tambah langsung ke pura pura ponsel
____
Info Lebih Lanjut ✨
(Click Link on Bio)

📍	Jl. Kroya No. 3, Kesiman, Denpasar
⏰	Open Everyday 09:00 - 22:00 WIB⁣⁣⁣⁣⁣⁣⁣⁣⁣⁣⁣⁣⁣⁣⁣⁣⁣⁣⁣⁣⁣⁣⁣⁣⁣⁣⁣⁣⁣⁣
📲	CS : 08873016965
📲	Admin : 082236700634
🛒	Tokopedia: Pura Pura Ponsel
🛒	Shopee: Purapuraponsel.bali
.
#iphone15 #iphone15promax #applestore #iphonebali #iphonedenpasar #purapuraponsel #ios17",86,"09/20/2023 06:23",https://www.instagram.com/reel/CxakUEhyCl_/,"IG reel",,Lifetime,64,513,0,0,6,29
18045641608500549,17841414051683694,purapura.ponsel,"Pura Pura Ponsel","TONTON SEBELUM BELI IPHONE 15

kalo menurut mimin sih ini iPhone ter Worth it
kenapa?
ya sudah pasti karena sudah menggunakan USB type-C
yang sudah pasti ditunggu-tunggu oleh fans apple dari sejak lama

selain itu Kamera utamanya 48MP dan 24MP 🤩
dan menjadi iphone basic pertama yang mendapat 3 mode yaitu 0,5, X1, dan X2 yang biasanya hanya ada di model pro series

kalo menurut kalian gimana?
tertarik dengan iPhone 15?

langsung saja tukar tambah unit lama kalian ke unit yang terbaru hanya di
Pura Pura Ponsel
____
Info Lebih Lanjut ✨
(Click Link on Bio)

📍	Jl. Kroya No. 3, Kesiman, Denpasar
⏰	Open Everyday 09:00 - 22:00 WIB⁣⁣⁣⁣⁣⁣⁣⁣⁣⁣⁣⁣⁣⁣⁣⁣⁣⁣⁣⁣⁣⁣⁣⁣⁣⁣⁣⁣⁣⁣
📲	CS : 08873016965
📲	Admin : 082236700634
🛒	Tokopedia: Pura Pura Ponsel
🛒	Shopee: Purapuraponsel.bali
.
#iphone15 #iphone15promax #applestore #iphonebali #iphonedenpasar #purapuraponsel",43,"09/17/2023 03:05",https://www.instagram.com/reel/CxSe8A9yG5U/,"IG reel",,Lifetime,141,502,2,0,10,28
18262229914165093,17841400038483632,nix.doni,IPutuDoniAdiAnggara,"sat set sat set nyicil 0% , sinyal aman , tukar tamabah ngidang😭😭😭 cuma di @purapura.ponsel otw gasss🔥
•
•
•
#kumislele #omdonilele #ngopisore #kopibali #purapauraponsel #kesiman",40,"09/17/2023 02:07",https://www.instagram.com/reel/CxSYxnxP40r/,"IG reel",,Lifetime,117,1370,0,0,5,0
17998965574950376,17841460557348833,arthadashing_,"Artha Dashing","Konten MATAH sperti ini apakah layak di pertonton kan di publik??

Begitulah ucap salah satu orang yg tidak menyukai bli bli di video ini
Tapi mimin tidak mau membahas itu, melainkan mau kasi info bawha @purapura.ponsel sedang di renov dan pindah sementara 100 meter dari toko ke arah ke selatan tepatnya di atas alfarmt kroya
Nah di catat guys di re opening nanti akan ada bagi” iphone dan airpod gratis buat kalian semua , jadi stay tune di @purapur.ponsel

Si matah : @arthadashing_",60,"09/16/2023 03:23",https://www.instagram.com/reel/CxP8j97PFK7/,"IG reel",,Lifetime,1314,530,0,0,5,0
18005192710851507,17841460557348833,arthadashing_,"Artha Dashing","Tisu mana tisu😅

Dari pada nyari tisu mending nyari promo iphone second imei permanent dan iphone brand new cash back up to 1 juta cuma di @purapura.ponsel
Bisa tukar tambah dari segala jenis handphone, android maupun iphone yg keblockir sekalipun🙌

By : @arthadashing_ 

#arthadashing #purapuraponsel  #reels #videolucu",25,"09/13/2023 00:58",https://www.instagram.com/reel/CxH9HQTPdo4/,"IG reel",,Lifetime,1148,966,6,0,17,0
17971425920606892,17841403443955617,xmade_official,"TEAM BERSYUKUR","jeg pokokne @purapura.ponsel titik.",36,"09/12/2023 23:47",https://www.instagram.com/reel/CxH1RJuyv2U/,"IG reel",,Lifetime,133,6046,0,0,27,0
18298736515136161,17841414051683694,purapura.ponsel,"Pura Pura Ponsel","INFO PENTING

Demi kenyamanan bersama
Toko mimin lagi direnovasi nih 🤩

Eitss jangan khawatir, toko mimin tetap buka kok
Hanya pindah sementara.

Pindahnya jauh gak min?

Nggak dong, cuman pindah 100 meter 😍

Cukup cari alfamart di jalan kroya, nah toko mimin di lantai 2nya ya, bareng sama @temancurhatt.space 

Yuk langsung merapat ke tempat mimin 🥳
____
Info Lebih Lanjut ✨
(Click Link on Bio)

📍	Jl. Kroya No. 7, Kesiman, Denpasar (sementara)
⏰	Open Everyday 09:00 - 22:00 WIB⁣⁣⁣⁣⁣⁣⁣⁣⁣⁣⁣⁣⁣⁣⁣⁣⁣⁣⁣⁣⁣⁣⁣⁣⁣⁣⁣⁣⁣⁣
📲	CS : 08873016965
📲	Admin : 082236700634
🛒	Tokopedia: Pura Pura Ponsel
🛒	Shopee: Purapuraponsel.bali
.
#iphone11 #applestore #iphonebali #iphonedenpasar #purapuraponsel",0,"09/11/2023 03:02",https://www.instagram.com/p/CxDCYhzSpl6/,"IG image",,Lifetime,31,150,0,0,1,26
17954268584653424,17841414051683694,purapura.ponsel,"Pura Pura Ponsel",,53,"09/08/2023 05:27",https://www.instagram.com/reel/Cw7kcEvSZrO/,"IG reel",,Lifetime,48,429,0,0,4,15
17962378163630414,17841414051683694,purapura.ponsel,"Pura Pura Ponsel","MAU HP BARU?

Kalian bisa tukar tambah handphone lama kalian ke handphone baru yang ada di toko mimin.

✅ Android ke iphone? BISA
✅ Iphone ke Android? BISA
✅ Iphone ke Iphone? BISA
✅ Android ke Android juga BISA

Jadi tunggu apa lagi?
Langsung saja merapat ke warung mimin
😋
____
Info Lebih Lanjut ✨
(Click Link on Bio)

📍	Jl. Kroya No. 3, Kesiman, Denpasar
⏰	Open Everyday 09:00 - 22:00 WIB⁣⁣⁣⁣⁣⁣⁣⁣⁣⁣⁣⁣⁣⁣⁣⁣⁣⁣⁣⁣⁣⁣⁣⁣⁣⁣⁣⁣⁣⁣
📲	CS : 08873016965
📲	Admin : 082236700634
🛒	Tokopedia: Pura Pura Ponsel
🛒	Shopee: Purapuraponsel.bali
.
#iphone11 #applestore #iphonebali #iphonedenpasar #purapuraponsel",18,"09/02/2023 04:50",https://www.instagram.com/reel/CwsDgpFy9lU/,"IG reel",,Lifetime,65376,907,0,0,9,53
18278922169148432,17841402045745234,pandu_yakuza,"Putu Pandu Aprison","“ Buang lah bekas pacar pada tempatnya, tapi kalau cari iphone bekas dan bergaransi langsung merapat ke @purapura.ponsel ”

Ready segala jenis iphone second maupun new, bisa cash atau kredit, jaminan harga termurah dan pastinya IMEI teraman sejagat raya

#pandu_yakuza #youtube #reels #tiktok #duthashopbali #kmcrteam #evolene #purapuraponsel #gym #chest #back #shoulder #bicep #tricep #leg #sixpack #viral #dagelan #trending #fitness #diet #mealprep #dietfood #2022",39,"08/31/2023 15:11",https://www.instagram.com/reel/CwoBCFMBLks/,"IG reel",,Lifetime,99,345,0,0,4,0
17929288622746491,17841400038483632,nix.doni,IPutuDoniAdiAnggara,"asal boleh semangat gini di hari senin💪🔥 beli hp jangan asal""lan yg pasti"" aja @purapura.ponsel 
•
•
•
#kumislele #omdonilele #mandikopi #semangatsenin #purapuraponsel #janganasalpilih #hpbali",43,"08/27/2023 20:25",https://www.instagram.com/reel/CweRm2jsn-V/,"IG reel",,Lifetime,121,514,0,0,3,0
18006976309781799,17841460557348833,arthadashing_,"Artha Dashing","Komen dong daerah mana Art Dash nyari mangsa buat di kasi kejutan lagi🤣✌️

Langsung kepoin ig @purapura.ponsel iphone second imei terdaftar permanent !
#arthadashing #purapuraponsel",56,"08/27/2023 05:23",https://www.instagram.com/reel/Cwcp4E0gS1J/,"IG reel",,Lifetime,1299,724,0,0,7,0
18048080368468934,17841414051683694,purapura.ponsel,"Pura Pura Ponsel","INFO PENTING!!!

Nih buat kalian yang nanya iphone inter tidak terdaftar tapi kok bisa ada sinyalnya 🤔

Simak video berikut ya 😋
____
Info Lebih Lanjut ✨
(Click Link on Bio)

📍	Jl. Kroya No. 3, Kesiman, Denpasar
⏰	Open Everyday 09:00 - 22:00 WIB⁣⁣⁣⁣⁣⁣⁣⁣⁣⁣⁣⁣⁣⁣⁣⁣⁣⁣⁣⁣⁣⁣⁣⁣⁣⁣⁣⁣⁣⁣
📲	CS : 08873016965
📲	Admin : 082236700634
🛒	Tokopedia: Pura Pura Ponsel
🛒	Shopee: Purapuraponsel.bali
.
#iphone11 #applestore #iphonebali #iphonedenpasar #purapuraponsel",86,"08/25/2023 20:48",https://www.instagram.com/reel/CwZKtvQA9VG/,"IG reel",,Lifetime,78142,806,0,0,3,127
18029527306570431,17841414051683694,purapura.ponsel,"Pura Pura Ponsel","Tips menarik nih langsung praktekan ya guys👌😁

Yuk kepoin Ig kita terus yah, selalu ada games berhadiah, dan yang utama iphone 11 promax🔥
#purapuraponsel #tipsiphone #iphonedenpasar",43,"08/19/2023 05:25",https://www.instagram.com/reel/CwIEIKEAgon/,"IG reel",,Lifetime,55971,886,0,0,29,135
17984963123338021,17841414051683694,purapura.ponsel,"Pura Pura Ponsel","GIVE AWAY TIME

Apa sih perbedaan iphone second Tidak Terdaftar, Terdaftar, Whitelist, dan iBox?

Jawaban terlengkap akan mendapat kan hadiah 200.000 untuk 2 orang pemenang

Jangan lupa tag teman kalian untuk kesempatan menang lebih besar
____
Info Lebih Lanjut ✨
(Click Link on Bio)

📍	Jl. Kroya No. 3, Kesiman, Denpasar
⏰	Open Everyday 09:00 - 22:00 WIB⁣⁣⁣⁣⁣⁣⁣⁣⁣⁣⁣⁣⁣⁣⁣⁣⁣⁣⁣⁣⁣⁣⁣⁣⁣⁣⁣⁣⁣⁣
📲	CS : 08873016965
📲	Admin : 082236700634
🛒	Tokopedia: Pura Pura Ponsel
🛒	Shopee: Purapuraponsel.bali
.
#iphone11 #applestore #iphonebali #iphonedenpasar #purapuraponsel",24,"08/18/2023 04:16",https://www.instagram.com/reel/CwFXv-fgUxk/,"IG reel",,Lifetime,49,199,0,0,9,9
17994792638311393,17841414051683694,purapura.ponsel,"Pura Pura Ponsel","TUKAR TAMBAH? BISA BANGET
 
Mau upgrade handphone kalian?
Langsung aja ke Pura Pura Ponsel
____
Info Lebih Lanjut ✨
(Click Link on Bio)

📍	Jl. Kroya No. 3, Kesiman, Denpasar
⏰	Open Everyday 09:00 - 22:00 WIB⁣⁣⁣⁣⁣⁣⁣⁣⁣⁣⁣⁣⁣⁣⁣⁣⁣⁣⁣⁣⁣⁣⁣⁣⁣⁣⁣⁣⁣⁣
📲	CS : 08873016965
📲	Admin : 082236700634
🛒	Tokopedia: Pura Pura Ponsel
🛒	Shopee: Purapuraponsel.bali
.
#iphone11 #applestore #iphonebali #iphonedenpasar #purapuraponsel",29,"08/17/2023 05:10",https://www.instagram.com/reel/CwC5DsGAi1G/,"IG reel",,Lifetime,150444,830,0,0,10,69
17990641256483311,17841414051683694,purapura.ponsel,"Pura Pura Ponsel","IPHONE RESMI TAPI TIDAK TERDAFTAR BEACUKI?
 
Kok bisa iPhone resmi indonesia seperti ibox tidak terdaftar di beacukai?
Simak video berikut ya

iPhone kalian inter atau resmi indonesia nih?
Komen dibawah ya
____
Info Lebih Lanjut ✨
(Click Link on Bio)

📍	Jl. Kroya No. 3, Kesiman, Denpasar
⏰	Open Everyday 09:00 - 22:00 WIB⁣⁣⁣⁣⁣⁣⁣⁣⁣⁣⁣⁣⁣⁣⁣⁣⁣⁣⁣⁣⁣⁣⁣⁣⁣⁣⁣⁣⁣⁣
📲	CS : 08873016965
📲	Admin : 082236700634
🛒	Tokopedia: Pura Pura Ponsel
🛒	Shopee: Purapuraponsel.bali
.
#iphone11 #applestore #iphonebali #iphonedenpasar #purapuraponsel",52,"08/15/2023 23:00",https://www.instagram.com/reel/Cv_qEvySCO2/,"IG reel",,Lifetime,68,247,0,0,2,18
18306328834129946,17841414051683694,purapura.ponsel,"Pura Pura Ponsel","IPHONE INTER BISA SERVICE DI IBOX?
 
Dari postingan Instagram ibox
Kalau ibox menerima semua produk apple baik itu pembelian di Indonesia maupun internasional. Selama devicenya tervalidasi di website coverage apple.
Dan khusus device internasional harus sudah bayar pajak ke beacukai sesuai regulasi pemerintah.

Selain jual handphone toko mimin juga bisa service handphone loh 😍
____
Info Lebih Lanjut ✨
(Click Link on Bio)

📍	Jl. Kroya No. 3, Kesiman, Denpasar
⏰	Open Everyday 09:00 - 22:00 WIB⁣⁣⁣⁣⁣⁣⁣⁣⁣⁣⁣⁣⁣⁣⁣⁣⁣⁣⁣⁣⁣⁣⁣⁣⁣⁣⁣⁣⁣⁣
📲	CS : 08873016965
📲	Admin : 082236700634
🛒	Tokopedia: Pura Pura Ponsel
🛒	Shopee: Purapuraponsel.bali
.
#iphone11 #applestore #iphonebali #iphonedenpasar #purapuraponsel",24,"08/14/2023 00:56",https://www.instagram.com/reel/Cv6tn0LA59m/,"IG reel",,Lifetime,188,199,0,0,2,23
18382625809035321,17841400038483632,nix.doni,IPutuDoniAdiAnggara,"manis kuningan mau kemana ni melali sama tugek? 🫶😭 otw @purapura.ponsel lah cari hp📞😁•
•
•
•
#kumislele #omdonilele #kopibali #mandikopi #mesugi #tugek #purapuraponsel #maniskuningan",56,"08/12/2023 21:15",https://www.instagram.com/reel/Cv3vYICNN_K/,"IG reel",,Lifetime,157,862,0,0,8,0
17977615472422969,17841414051683694,purapura.ponsel,"Pura Pura Ponsel","GIVE AWAY TIME

Kritik dan saran paling jujur akan dapat hadiah dari mimin
____
Info Lebih Lanjut ✨
(Click Link on Bio)

📍	Jl. Kroya No. 3, Kesiman, Denpasar
⏰	Open Everyday 09:00 - 22:00 WIB⁣⁣⁣⁣⁣⁣⁣⁣⁣⁣⁣⁣⁣⁣⁣⁣⁣⁣⁣⁣⁣⁣⁣⁣⁣⁣⁣⁣⁣⁣
📲	CS : 08873016965
📲	Admin : 082236700634
🛒	Tokopedia: Pura Pura Ponsel
🛒	Shopee: Purapuraponsel.bali
.
#iphone11 #applestore #iphonebali #iphonedenpasar #purapuraponsel",25,"08/12/2023 03:43",https://www.instagram.com/reel/Cv121CnA_78/,"IG reel",,Lifetime,49,848,0,0,69,16
18289079035132185,17841414051683694,purapura.ponsel,"Pura Pura Ponsel","Kejadian sore tadi,Kamis 10 Agustus 2023
Terjadinya aksi menegangkan sebuah barong memasuki salah satu toko handphone yang ada di daerah denpasar timur

“Barong itu tiba - tiba langsung masuk di karenakan ingin menetralkan toko tersebut” ujar salah satu warga disana yang menyaksikan kejadian ini langsung

Konon katanya jika ada tarikan langsung itu di akibatkan karena adanya sinyal yang kuat, seperti hal nya iphone second sinyal permanent dan imei terdaftar yang di jual oleh toko ponsel tersebut

Tempat kejadian : Toko Hanphone terbaik di Bali @purapura.ponsel

Sumber : @arthadashing_",69,"08/10/2023 04:26",https://www.instagram.com/reel/CvwydF_gqBl/,"IG reel",,Lifetime,33,1012,0,0,15,14
18362308684064682,17841400038483632,nix.doni,IPutuDoniAdiAnggara,"semangat senin ton💪 i meme masih lali- lalian sini aja @purapura.ponsel gasss🔥
•
•
•
#omdonilele #kopibali #kumislele #purapuraponsel #hpbali #mandikopi #semangatsenin",55,"08/06/2023 19:05",https://www.instagram.com/reel/CvoDyv8tLkV/,"IG reel",,Lifetime,169,1169,0,0,18,0
18026017843528901,17841414051683694,purapura.ponsel,"Pura Pura Ponsel","IPHONE TERBAIK RESMI INDONESIA

Jadi buat yang tanya lebih bagus
iBox, Digimap, atau GDN?

yuk simak video mimin.

jadi iPhone kalian iBox, Digimap, atau GDN?
ramaiin di kolom komentar ya.

apapun jenis HPnya belinya ya di Pura Pura Ponsel
____
Info Lebih Lanjut ✨
(Click Link on Bio)

📍	Jl. Kroya No. 3, Kesiman, Denpasar
⏰	Open Everyday 09:00 - 22:00 WIB⁣⁣⁣⁣⁣⁣⁣⁣⁣⁣⁣⁣⁣⁣⁣⁣⁣⁣⁣⁣⁣⁣⁣⁣⁣⁣⁣⁣⁣⁣
📲	CS : 08873016965
📲	Admin : 082236700634
🛒	Tokopedia: Pura Pura Ponsel
🛒	Shopee: Purapuraponsel.bali
.
#iphone11 #applestore #iphonebali #iphonedenpasar #purapuraponsel",29,"08/06/2023 05:50",https://www.instagram.com/reel/Cvmo6lQg-8Q/,"IG reel",,Lifetime,99424,1110,0,0,6,123
18297445816137803,17841414051683694,purapura.ponsel,"Pura Pura Ponsel","DAFTAR IPHONE AMAN DI INDONESIA

jadi ada 3 jenis iphone yang aman di indonesia

yang pertama iPhone yang diimport oleh distributor resmi apple di indonesia
seperti :
PT. Era Jaya atau iBox dengan kode PA/A
PT. Mitra Adi Perkasa atau Digimap dengan kode ID/A dan
PT. Global Danapati Niaga atau GDN dengan kode SA/A

yang ke-dua iPhone inter yang sudah mendaftar resmi dan membayar pajak di Beacukai Indonesia.

yang ke-tiga iPhone yang terdaftar whitelist atau iPhone inter yang sudah menggunakan SIM Card Indonesia sebelum tanggal 15 September 2022.

iPhone kalian terblokir?
Tukar tambah di Pura Pura Ponsel
____
Info Lebih Lanjut ✨
(Click Link on Bio)

📍	Jl. Kroya No. 3, Kesiman, Denpasar
⏰	Open Everyday 09:00 - 22:00 WIB⁣⁣⁣⁣⁣⁣⁣⁣⁣⁣⁣⁣⁣⁣⁣⁣⁣⁣⁣⁣⁣⁣⁣⁣⁣⁣⁣⁣⁣⁣
📲	CS : 08873016965
📲	Admin : 082236700634
🛒	Tokopedia: Pura Pura Ponsel
🛒	Shopee: Purapuraponsel.bali
.
#iphone11 #applestore #iphonebali #iphonedenpasar #purapuraponsel",59,"08/04/2023 05:01",https://www.instagram.com/reel/CvhY1uGgpw5/,"IG reel",,Lifetime,124546,2542,7,4,33,490
18109776154317380,17841414051683694,purapura.ponsel,"Pura Pura Ponsel","JANGAN SALAH BELI!

Tergiur harga murah tapi malah jadi marah-marah 🥲
Jangan salah pilih ya guys, kayak customer mimin satu ini
tergiur harga murah eehh ternyata sinyalnya ilang 😱

Tapi tenang, di Pura pura Ponsel kalian bisa tukar tambah handphone kalian dengan unit yang sudah aman tentunya.
Harganya terjangkau, pelayanan ramah, dan BANYAK BONUSNYA 🤩

iPhone kalian hilang sinyal?
Tukar tambah saja di Pura Pura Ponsel
____
Info Lebih Lanjut ✨
(Click Link on Bio)

📍	Jl. Kroya No. 3, Kesiman, Denpasar
⏰	Open Everyday 09:00 - 22:00 WIB⁣⁣⁣⁣⁣⁣⁣⁣⁣⁣⁣⁣⁣⁣⁣⁣⁣⁣⁣⁣⁣⁣⁣⁣⁣⁣⁣⁣⁣⁣
📲	CS : 08873016965
📲	Admin : 082236700634
🛒	Tokopedia: Pura Pura Ponsel
🛒	Shopee: Purapuraponsel.bali
.
#iphone11 #applestore #iphonebali #iphonedenpasar #purapuraponsel",54,"07/31/2023 23:13",https://www.instagram.com/reel/CvZCyeCAW5N/,"IG reel",,Lifetime,85,785,0,0,5,41
17924750081745887,17841402045745234,pandu_yakuza,"Putu Pandu Aprison","“ Buat para konten creator yg bingung cari device mempuni buat ngonten langsung merapat ke @purapura.ponsel 

1. Imei permannen atau sinyal permanent
2. Tukar tambah ( bisa dengan imei yg terblokir )
3. Brand new iphone
4. Brand new android
5. Aksesoris case handphone

#pandu_yakuza #youtube #reels #tiktok #duthashopbali #kmcrteam #evolene #purapuraponsel #gym #chest #back #shoulder #bicep #tricep #leg #sixpack #viral #dagelan #trending #fitness #diet #mealprep #dietfood #2022",29,"07/31/2023 19:52",https://www.instagram.com/reel/CvYsj9ztA3z/,"IG reel",,Lifetime,119,302,0,0,1,0
18001119862938050,17841414051683694,purapura.ponsel,"Pura Pura Ponsel","Bisa tukar tambah dari segala jenis handphone. Iphone kalian hilang sinyal? Langsung tukar tambah dengan unit yang terdaftar di Pura Pura Ponsel. Garansi unit dan imei 
____
Info Lebih Lanjut ✨
(Click Link on Bio)

📍	Jl. Kroya No. 3, Kesiman, Denpasar
⏰	Open Everyday 09:00 - 22:00 WIB⁣⁣⁣⁣⁣⁣⁣⁣⁣⁣⁣⁣⁣⁣⁣⁣⁣⁣⁣⁣⁣⁣⁣⁣⁣⁣⁣⁣⁣⁣
📲	CS : 08873016965
📲	Admin : 082236700634
🛒	Tokopedia: Pura Pura Ponsel
🛒	Shopee: Purapuraponsel.bali
.
#iphone11 #applestore #iphonebali #iphonedenpasar #purapuraponsel",30,"07/24/2023 04:12",https://www.instagram.com/reel/CvE-W6hAro6/,"IG reel",,Lifetime,106582,1631,0,0,15,59
17873655257937636,17841414051683694,purapura.ponsel,"Pura Pura Ponsel","Kalo mimin sih lebih suka hasil iPhone 11,
Menurut kalian gimana?
Apapun iPhonenya, belinya wajib di Pura Pura Ponsel dong

____
Info Lebih Lanjut ✨
(Click Link on Bio)

📍	Jl. Kroya No. 3, Kesiman, Denpasar
⏰	Open Everyday 09:00 - 22:00 WIB⁣⁣⁣⁣⁣⁣⁣⁣⁣⁣⁣⁣⁣⁣⁣⁣⁣⁣⁣⁣⁣⁣⁣⁣⁣⁣⁣⁣⁣⁣
📲	CS : 08873016965
📲	Admin : 082236700634
🛒	Tokopedia: Pura Pura Ponsel
🛒	Shopee: Purapuraponsel.bali
.
#iphone11 #applestore #iphonebali #iphonedenpasar #purapuraponsel",32,"07/23/2023 04:38",https://www.instagram.com/reel/CvCddttg8QR/,"IG reel",,Lifetime,96,624,0,0,20,43
17852339298002051,17841414051683694,purapura.ponsel,"Pura Pura Ponsel","INFO PENTING ⬇️

Masih ragu buat beli iPhone Terdaftar?
yuk simak video berikut

iPhone kalian hilang sinyal?
Tukar tambah saja di Pura Pura Ponsel

____
Info Lebih Lanjut ✨
(Click Link on Bio)

📍	Jl. Kroya No. 3, Kesiman, Denpasar
⏰	Open Everyday 09:00 - 22:00 WIB⁣⁣⁣⁣⁣⁣⁣⁣⁣⁣⁣⁣⁣⁣⁣⁣⁣⁣⁣⁣⁣⁣⁣⁣⁣⁣⁣⁣⁣⁣
📲	CS : 08873016965
📲	Admin : 082236700634
🛒	Tokopedia: Pura Pura Ponsel
🛒	Shopee: Purapuraponsel.bali
.
#iphone11 #applestore #iphonebali #iphonedenpasar #purapuraponsel",29,"07/19/2023 03:32",https://www.instagram.com/reel/Cu4CrzUAVc7/,"IG reel",,Lifetime,86,268,0,0,8,63
18067384807394385,17841414051683694,purapura.ponsel,"Pura Pura Ponsel","GIVE AWAY TIME

Syaratnya simple banget

Cukup follow
@purapura.ponsel dan @arthadashing_

Dan komen
Iphone apa yg kalian inginkan dan berikan alasannya

Jawaban terunik dan menarik akan mendapatkan uang 200 ribu untuk 2 orang pemenang terpilih

Pemenang akan diumumkan hari senin jam 5 sore di story instagram @purapura.ponsel

Jangan lupa tag teman-teman kalian agar berkesempatan lebih besar untuk memenangkan giveaway kali ini
____
Info Lebih Lanjut ✨
(Click Link on Bio)

📍	Jl. Kroya No. 3, Kesiman, Denpasar
⏰	Open Everyday 09:00 - 22:00 WIB⁣⁣⁣⁣⁣⁣⁣⁣⁣⁣⁣⁣⁣⁣⁣⁣⁣⁣⁣⁣⁣⁣⁣⁣⁣⁣⁣⁣⁣⁣
📲	CS : 08873016965
📲	Admin : 082236700634
🛒	Tokopedia: Pura Pura Ponsel
🛒	Shopee: Purapuraponsel.bali
.
#iphone11 #applestore #iphonebali #iphonedenpasar #purapuraponsel",39,"07/15/2023 04:01",https://www.instagram.com/reel/CutyuLUALI9/,"IG reel",,Lifetime,99,950,0,0,309,36
17928063944721526,17841460557348833,arthadashing_,"Artha Dashing","Ketika pasangan kalian ngambek..
kasi aja hadiah ini dijamin auto senyum - senyum😅😋

Kita bakal bagi bagi hadiah lagi guys yuk follow ig 
@purapura.ponsel dan @arthadashing_ 

“Upload video tiap hari, yuk foll0w ig & nyalain notif”

#arthadashing #arthadashingdanistri #reels #suamiistribahagia #viralindonesia #memeindonesia #couple #purapuraponsel",49,"07/15/2023 02:07",https://www.instagram.com/reel/CutlUKsgEbg/,"IG reel",,Lifetime,1491,1070,0,0,12,0
17992667111023698,17841414051683694,purapura.ponsel,"Pura Pura Ponsel","KLARIFIKASI

Karena ketatnya persaingan, dan tidak ada yg mendapat 0 like jadi mimin ulang biar adil

Kalian cukup berikan alasan kenapa harus beli handphone techno ini

Jawaban terunik dan menarik akan mendapatkan uang 200 ribu untuk 2 orang pemenang terpilih

Jangan lupa tag teman-teman kalian agar berkesempatan lebih besar untuk memenangkan giveaway kali ini
____
Info Lebih Lanjut ✨
(Click Link on Bio)

📍	Jl. Kroya No. 3, Kesiman, Denpasar
⏰	Open Everyday 09:00 - 22:00 WIB⁣⁣⁣⁣⁣⁣⁣⁣⁣⁣⁣⁣⁣⁣⁣⁣⁣⁣⁣⁣⁣⁣⁣⁣⁣⁣⁣⁣⁣⁣
📲	CS : 08873016965
📲	Admin : 082236700634
🛒	Tokopedia: Pura Pura Ponsel
🛒	Shopee: Purapuraponsel.bali
.
#iphone11 #applestore #iphonebali #iphonedenpasar #purapuraponsel",40,"07/10/2023 07:11",https://www.instagram.com/reel/CuhQvvUgF0C/,"IG reel",,Lifetime,66,554,0,0,78,13
17984569772225566,17841414051683694,purapura.ponsel,"Pura Pura Ponsel","INI KEBANGETAN
Android internal RAM 4GB dan memori 64GB cuman 1.2 juta? 😱

Battrey 5000mAh
Charger type C
6.6"" HD Screen
Back Fingerprint
Kamera dual 13MP

Langsung aja buruan merapat ke Pura Pura Ponsel karena stocknya terbatas
____
Info Lebih Lanjut ✨
(Click Link on Bio)

📍	Jl. Kroya No. 3, Kesiman, Denpasar
⏰	Open Everyday 09:00 - 22:00 WIB⁣⁣⁣⁣⁣⁣⁣⁣⁣⁣⁣⁣⁣⁣⁣⁣⁣⁣⁣⁣⁣⁣⁣⁣⁣⁣⁣⁣⁣⁣
📲	CS : 08873016965
📲	Admin : 082236700634
🛒	Tokopedia: Pura Pura Ponsel
🛒	Shopee: Purapuraponsel.bali
.
#android #techno #sparkgo #sparkgo2023 #purapuraponsel",23,"07/10/2023 04:49",https://www.instagram.com/reel/CuhAZ8gg2qO/,"IG reel",,Lifetime,59,140,0,0,1,18
18018217939564562,17841414051683694,purapura.ponsel,"Pura Pura Ponsel","GIVE AWAY TIME

Caranya simpel banget
Cukup komen dan follow
@purapura.ponsel dan @arthadashing_ 

Pemenang diumumkan besok jam 5 sore di story Pura Pura Ponsel 
____
Info Lebih Lanjut ✨
(Click Link on Bio)

📍	Jl. Kroya No. 3, Kesiman, Denpasar
⏰	Open Everyday 09:00 - 22:00 WIB⁣⁣⁣⁣⁣⁣⁣⁣⁣⁣⁣⁣⁣⁣⁣⁣⁣⁣⁣⁣⁣⁣⁣⁣⁣⁣⁣⁣⁣⁣
📲	CS : 08873016965
📲	Admin : 082236700634
🛒	Tokopedia: Pura Pura Ponsel
🛒	Shopee: Purapuraponsel.bali
.
#iphone11 #applestore #iphonebali #iphonedenpasar #purapuraponsel",41,"07/08/2023 02:00",https://www.instagram.com/reel/Cubjm6TPbqr/,"IG reel",,Lifetime,59,924,0,0,557,22
18186111733275720,17841414051683694,purapura.ponsel,"Pura Pura Ponsel","Yuk kenalan sama Brand New In Box yang ready di Pura Pura Ponsel 
____
Info Lebih Lanjut ✨
(Click Link on Bio)

📍	Jl. Kroya No. 3, Kesiman, Denpasar
⏰	Open Everyday 09:00 - 22:00 WIB⁣⁣⁣⁣⁣⁣⁣⁣⁣⁣⁣⁣⁣⁣⁣⁣⁣⁣⁣⁣⁣⁣⁣⁣⁣⁣⁣⁣⁣⁣
📲	CS : 08873016965
📲	Admin : 082236700634
🛒	Tokopedia: Pura Pura Ponsel
🛒	Shopee: Purapuraponsel.bali
.
#iphone11 #applestore #iphonebali #iphonedenpasar #purapuraponsel",0,"07/08/2023 00:34",https://www.instagram.com/p/CubZytfSitQ/,"IG carousel",,Lifetime,44,224,0,0,6,27
17991230119939514,17841400038483632,nix.doni,IPutuDoniAdiAnggara,"gulem"" kene senam malu ton ngalih  kehangatan dik mi ke @purapura.ponsel gass bek san promo"" menarik ni🔥📞
•
•
•
#omdonilele #mandikopi #purapuraponsel #hp #iphone11 #hpbali #bali #hpmurah #promo",29,"07/04/2023 21:20",https://www.instagram.com/reel/CuTU-0zJ7h8/,"IG reel",,Lifetime,116,852,0,0,7,0
17983704356195715,17841402045745234,pandu_yakuza,"Putu Pandu Aprison","“ Awal bulan jgn lupa merapat ke @purapura.ponsel “

Ready semua stock Iphone, Android, Gadget, aksesoris, service, tukar tambah, maupun kredit 

#pandu_yakuza #youtube #reels #tiktok #duthashopbali #kmcrteam #evolene #purapuraponsel #gym #chest #back #shoulder #bicep #tricep #leg #sixpack #viral #dagelan #trending #fitness #diet #mealprep #dietfood #2022",39,"07/03/2023 19:49",https://www.instagram.com/reel/CuQlr2_NtaM/,"IG reel",,Lifetime,118,504,0,0,13,0
18008572258667894,17841414051683694,purapura.ponsel,"Pura Pura Ponsel","EMANG BOLEH SECEPAT ITU? 😱

Buat kalian yang lagi buru-buru tapi punya masalah dengan battery atau LCD handphone kalian?
Langsung bawa ke Pura Pura Ponsel, service cepat dan bergaransi pastinya. Dapatkan juga promo diskon 20% sampai 50% 🤩
____
Info Lebih Lanjut ✨
(Click Link on Bio)
 
📍 Jl. Kroya No. 3, Kesiman, Denpasar
⏰ Open Everyday 09:00 - 22:00 WIB
📲 CS : 08873016965
📲 Admin : 082236700634
🛒 Tokopedia: Pura Pura Ponsel
🛒 Shopee: Purapuraponsel.bali
 
#iphoneservice #apple #iphoneservicebali #iphonerepairbali #appleservicebali #applerepairbali #iphonerepair #ipadrepairbali #appleservice #applerepair",9,"07/03/2023 03:22",https://www.instagram.com/reel/CuO07NwgD0a/,"IG reel",,Lifetime,54,183,0,0,2,6
18001443208895544,17841414051683694,purapura.ponsel,"Pura Pura Ponsel","Buat kalian yang masih bingung mau ganti Handphone
mimin ada solusinya nih, kalian bisa kredit di Pura Pura Ponsel.
Dapatka Promo Bunga 0% dengan Finance Home Credit dan Akulaku
__________________
Info Lebih Lanjut ✨
(Click Link on Bio)

📍 Jl. Kroya No. 3, Kesiman, Denpasar
⏰ Open Everyday 09:00 - 22:00 WIB⁣⁣⁣⁣⁣⁣⁣⁣⁣⁣⁣⁣⁣⁣⁣⁣⁣⁣⁣⁣⁣⁣⁣⁣⁣⁣⁣⁣⁣⁣
📲 CS : 08873016965
📲 Admin : 082236700634
🛒 Tokopedia: **Pura Pura Ponsel**
🛒 Shopee: **Purapuraponsel.bali**
.
#iphone11 #apple #kredit #homecreditindonesia #purapuraponsel",0,"07/02/2023 04:45",https://www.instagram.com/p/CuMZslpSzUX/,"IG carousel",,Lifetime,116,187,0,0,5,36
18192509308267958,17841414051683694,purapura.ponsel,"Pura Pura Ponsel","Ketika kejar target tapi susahnya dapat jualan,ini solusinya🤣🤭",8,"06/21/2023 02:42",https://www.instagram.com/reel/Ctv2y9uAfn-/,"IG reel",,Lifetime,205,483,0,0,4,59
17960679425598348,17841403443955617,xmade_official,"TEAM BERSYUKUR","nabung , kanggoang ngirit lu dik pang ngidang blanje di @purapura.ponsel",77,"06/16/2023 18:43",https://www.instagram.com/reel/CtkrZffo5mI/,"IG reel",,Lifetime,207,10108,0,0,199,0
18034652305496565,17841400038483632,nix.doni,IPutuDoniAdiAnggara,"om doni come back🔥 maaf tepar 1 minggu uyak arak🤣 kalo kali om doni lagi di uyak sama promo"" @purapura.ponsel 🔥
•
•
•
#omdonilele #kopihitam #purapuraponsel #kopibali #semangatminggu",35,"06/11/2023 02:34",https://www.instagram.com/reel/CtWFxeIri4a/,"IG reel",,Lifetime,97,959,0,0,19,0
18096366961336842,17841414051683694,purapura.ponsel,"Pura Pura Ponsel","Emang secepat itu 😱
kalau ganti battrey di Pura Pura Ponsel
Service HP bisa ditunggu, dan pastinya BERGARANSI
Dapatkan diskon up to 30% khusus untuk member Pura Pura Ponsel

Kalian belum punya member?
langsung saja daftar di website
purapuraponsel.com

jadi tunggu apa lagi?
langsung bawa device bermasalah kalian ke Pura Pura Ponsel

____
Info Lebih Lanjut ✨
(Click Link on Bio)

📍	Jl. Kroya No. 3, Kesiman, Denpasar
⏰	Open Everyday 09:00 - 22:00 WIB⁣⁣⁣⁣⁣⁣⁣⁣⁣⁣⁣⁣⁣⁣⁣⁣⁣⁣⁣⁣⁣⁣⁣⁣⁣⁣⁣⁣⁣⁣
📲	CS : 08873016965
📲	Admin : 082236700634
🛒	Tokopedia: Pura Pura Ponsel
🛒	Shopee: Purapuraponsel.bali

#iphoneservice #apple #iphoneservicebali #iphonerepairbali #appleservicebali #applerepairbali #iphonerepair #ipadrepairbali #appleservice #applerepair",17,"06/11/2023 00:41",https://www.instagram.com/reel/CtV5D4VAIbj/,"IG reel",,Lifetime,39,192,0,0,3,12
17861181947919112,17841414051683694,purapura.ponsel,"Pura Pura Ponsel","Ready Brandnew Android
Garansi resmi indonesia
Mulai dari 1 jutaan saja🥰

•Order bisa secara online & bisa dikirim keseluruh indonesia✅
•Bisa order di Tokopedia,Shopee, dan Akulaku✅
•Bisa kurang tambah ✅

Harga termurah silahkan langsung mampir ke toko mimin

____
Info Lebih Lanjut ✨
(Click Link on Bio)

📍	Jl. Kroya No. 3, Kesiman, Denpasar
⏰	Open Everyday 09:00 - 22:00 WIB⁣⁣⁣⁣⁣⁣⁣⁣⁣⁣⁣⁣⁣⁣⁣⁣⁣⁣⁣⁣⁣⁣⁣⁣⁣⁣⁣⁣⁣⁣
📲	CS : 08873016965
📲	Admin : 082236700634
🛒	Tokopedia: Pura Pura Ponsel
🛒	Shopee: Purapuraponsel.bali

#iphoneservice #apple #iphoneservicebali #iphonerepairbali #appleservicebali #applerepairbali #iphonerepair #ipadrepairbali #appleservice #applerepair #iphone6s",41,"06/10/2023 02:14",https://www.instagram.com/reel/CtTe3RmAtNO/,"IG reel",,Lifetime,60,1144,0,0,27,103
18002807533835803,17841414051683694,purapura.ponsel,"Pura Pura Ponsel","takut handphone kalian lecet-lecet?
Pura Pura Ponsel Punya Solusinya.

case premium yang bahannya
✅ kokoh
✅ lentur dan
✅ fiturnya banyak banget.

kita ready dari seri 11 sampai 14 pro max.

fitur-fiturnya ada
✅ Lens guard 
✅ Magsafe
✅ Square Edge

langsung aja ke toko, sebelum kehabisan

#iphoneservice #apple #iphoneservicebali #iphonerepairbali #appleservicebali #applerepairbali #iphonerepair #ipadrepairbali #appleservice #applerepair",23,"06/08/2023 03:24",https://www.instagram.com/reel/CtOdTYgAn0Q/,"IG reel",,Lifetime,106,650,0,0,8,47
17979038837211507,17841414051683694,purapura.ponsel,"Pura Pura Ponsel","Waduh mimin kaget banget 😱
ternyata ada yang turun nih

Iphone 14 Pro 128GB : 17.999K
Iphone 14 Pro 256GB : 20.999K

Iphone 14 Pro Max 128GB : 19.999K
Iphone 14 Pro Max 256GB : 22.499K

Belum termasuk
✅ Cashback 300k
✅ Free Tempered Glass Premium
✅ Case Premium
✅ Free Adapter 20Watt

Harga termurah silahkan langsung mampir ke toko mimin

____
Info Lebih Lanjut ✨
(Click Link on Bio)

📍	Jl. Kroya No. 3, Kesiman, Denpasar
⏰	Open Everyday 09:00 - 22:00 WIB⁣⁣⁣⁣⁣⁣⁣⁣⁣⁣⁣⁣⁣⁣⁣⁣⁣⁣⁣⁣⁣⁣⁣⁣⁣⁣⁣⁣⁣⁣
📲	CS : 08873016965
📲	Admin : 082236700634
🛒	Tokopedia: Pura Pura Ponsel
🛒	Shopee: Purapuraponsel.bali

#iphoneservice #apple #iphoneservicebali #iphonerepairbali #appleservicebali #applerepairbali #iphonerepair #ipadrepairbali #appleservice #applerepair #iphone6s",21,"06/07/2023 01:27",https://www.instagram.com/reel/CtLqZ3ngMCl/,"IG reel",,Lifetime,65874,1710,0,0,24,142
17850619253965355,17841414051683694,purapura.ponsel,"Pura Pura Ponsel","handphone kalian mati? 😱
atau sudah perlu diservice? 🥲

langsung meluncur ke pura pura ponsel,
ganti battrey lebih cepat daripada nunggu balesan chat dari doi kalian 😬

untuk pergantian battrey lagi ada promo nih diskon up to 30%
jadi tunggu apa lagi, langsung meluncur ke pura pura ponsel

#iphoneservice #apple #iphoneservicebali #iphonerepairbali #appleservicebali #applerepairbali #iphonerepair #ipadrepairbali #appleservice #applerepair #iphone6s",21,"06/02/2023 03:21",https://www.instagram.com/reel/Cs-_qHIAL8f/,"IG reel",,Lifetime,57,204,0,0,5,13
18037142479487233,17841402045745234,pandu_yakuza,"Putu Pandu Aprison","“ POV kurir kirimin paket @purapura.ponsel ke rumah otot kering”

Buat kalian yang lagi cari handphone berkualitas langsung merapat ke @purapura.ponsel harga dijamin terbaik dan service memuaskan

#pandu_yakuza #youtube #reels #tiktok #duthashopbali #kmcrteam #evolene #purapuraponsel #gym #chest #back #shoulder #bicep #tricep #leg #sixpack #viral #dagelan #trending #fitness #diet #mealprep #dietfood #2022",46,"06/01/2023 16:24",https://www.instagram.com/reel/Cs91GJSBD_g/,"IG reel",,Lifetime,101,834,0,0,5,0
17973329750340915,17841414051683694,purapura.ponsel,"Pura Pura Ponsel","buat kalian yang masih pakai iphone yang ada home buttonnya dan home button kalian bermasalah 😱
kalian bisa bawa aja langsung ke pura pura ponsel,

✅ pengerjaan cepat
✅ bisa ditunggu
✅ api
✅ murah tentunya.

device kalian bermasalah? 😱
bawa saja ke pura pura ponsel
karena lagi ada promo nih
untuk pricelist kalian bisa cek langsung ke website kita ya
link ada di bio 😍

#iphoneservice #apple #iphoneservicebali #iphonerepairbali #appleservicebali #applerepairbali #iphonerepair #ipadrepairbali #appleservice #applerepair #iphone6s",25,"06/01/2023 03:41",https://www.instagram.com/reel/Cs8dvAaARap/,"IG reel",,Lifetime,52,299,0,0,5,12
17970204848233004,17841414051683694,purapura.ponsel,"Pura Pura Ponsel","READY IPHONE TERDAFTAR BEACUKAI

❤️ IMEI PERMANEN ✅
❤️ HARGA TERMURAH ✅
❤️ CASHBACK UP TO 1JT ✅
❤️ TERPERCAYA ✅
❤️ FAST RESPONS ✅
❤️ ORDER BISA SECARA ONLINE & BISA DIKIRIM KESELURUH INDONESIA ✅
❤️ BISA ORDER DI TOKOPEDIA, SHOPEE, DAN AKULAKU ✅
❤️ BISA TUKAR TAMBAH ✅

Alamat Store
Jl. Kroya No. 3, Kesiman, Denpasar

Yuk buruan merapat ke Pura-Pura Ponsel 😍",33,"05/28/2023 02:06",https://www.instagram.com/reel/Csx_kSFAKvf/,"IG reel",,Lifetime,58,248,0,0,6,14
17915758235739744,17841414051683694,purapura.ponsel,"Pura Pura Ponsel","Iphone kalian tiba-tiba mati dan tidak bisa hidup? 😱
suara juga tidak muncul? 😭
bisa jadi bermasalah pada mesin iphone kalian.
dan harus segera dibawa ke teknisi yang sudah berpengalaman pastinya.
jangan ragu untuk bawa handphone kalian ke Pura Pura Ponsel 😍

karena teknisinya sudah berpengalaman dan pengerjaannya cepat.
punya kendala dengan handphone kalian? bawa saja ke?

#iphonedenpasar #purapuraponsel #serviceiphone",25,"05/22/2023 02:37",https://www.instagram.com/reel/CsimfgcgXfO/,"IG reel",,Lifetime,37,309,0,0,2,14
17909816741764579,17841400038483632,nix.doni,IPutuDoniAdiAnggara,"semangat minggu ton🙏🔥 jangan lupa semangatin hari minggu mu dengan hp yg keren"" di @purapura.ponsel 
•
•
•
#omdonilele #mandikopi  #purapuraponsel #semangatminggu",59,"05/20/2023 20:07",https://www.instagram.com/reel/CsfUs8UPtnj/,"IG reel",,Lifetime,62,772,0,0,8,0
17984793347093812,17841414051683694,purapura.ponsel,"Pura Pura Ponsel","Satu toko kaget semua 😱.
green screen iphone 13 series bisa teratasi di Pura Pura Ponsel.
belakangan ini banyak banget nih yang ngalamin masalah green screen di tipe 13 series.

sebelumnya masalah green screen bisa diatasi dengan cara ganti LCD.
tapi teknisi di toko mimin udah nemu cara yang tepat untuk ngatasin masalah ini.
dan biayanya jauh lebih murah dibanding ganti LCD 😍.
punya masalah yang sama? bawa ke Pura Pura Ponsel.

#iphonedenpasar #purapuraponsel #serviceiphone",30,"05/17/2023 02:39",https://www.instagram.com/reel/CsVuqtIARgi/,"IG reel",,Lifetime,160549,2151,1,0,26,104
17990266415004022,17841402045745234,pandu_yakuza,"Putu Pandu Aprison","“ Kena Gigi Uang Kembali, Kena Tai Lap Sendiri “

Buat kalian yg lagi cari Ipone second berkualitas serta jaminan IMEI seumur hidup langsung follow @purapura.ponsel 

#pandu_yakuza #youtube #reels #tiktok #duthashopbali #kmcrteam #evolene #purapuraponsel #gym #chest #back #shoulder #bicep #tricep #leg #sixpack #viral #dagelan #trending #fitness #diet #mealprep #dietfood #2022",44,"05/16/2023 07:30",https://www.instagram.com/reel/CsTrAO6MMfF/,"IG reel",,Lifetime,165,1838,1,0,59,0
18055318648414135,17841414051683694,purapura.ponsel,"Pura Pura Ponsel","layar handphone kalian tiba tiba mati? 
tapi masih bisa bunyi?
bisa jadi lcd kalian bermasalah.
segera bawa ke pura pura ponsel.

harga lcd terjangkau dengan kualitas premium pastinya 🤩.
pengerjaan cepat dan bisa kalian tunggu.
dan pastinya servicenya bergaransi.
service murah dan berkualitas hanya di Pura Pura Ponsel

#iphonedenpasar #purapuraponsel #serviceiphone",26,"05/12/2023 04:25",https://www.instagram.com/reel/CsJC1JAA7Is/,"IG reel",,Lifetime,28,418,0,0,3,17
18054309220410632,17841414051683694,purapura.ponsel,"Pura Pura Ponsel","Hp kalian terendam air? 😱
masih pakai cara lama dengan menaruh di beras?

mimin saranin jangan ya besti.
✅ langkah pertama matikan hp,
✅ lepas semua komponen,
✅ kemudian lap menggunakan lap kering.

atau kalian bisa segera bawa ke tempat service agar lebih cepat ditangani oleh ahlinya.
service hp di Pura Pura Ponsel
✅ cepat
✅ bergaransi
✅ banyak promonya.

#tipsiphone #trikiphone #ios17 #iphonedenpasar #purapuraponsel",31,"05/11/2023 01:43",https://www.instagram.com/reel/CsGLlsSA3ZZ/,"IG reel",,Lifetime,45,395,0,0,2,14
17980118915153526,17841414051683694,purapura.ponsel,"Pura Pura Ponsel","Iphone 11 diinjek katak? 😱

hari ini ada servisan iphone 11 pecah backdor,
setelah mimin tanya katanya diinjek katak bisul 🥲.

teknisi mimin sampe kaget, jadi buru buru deh buat diganti.

✅ pertama kita kopek kopek dulu ya.
✅ sehabis dikopek kopek. kasi lem dikit aja jangan banyak banyak.
✅ tinggal pasang deh backdor yang baru.

cepet kan? sudah pasti dong.
punya keluhan dengan gadget kalian? Pura Pura Ponsel solusinya 🤩

#tipsiphone #trikiphone #ios17 #iphonedenpasar #purapuraponsel",27,"05/08/2023 02:47",https://www.instagram.com/reel/Cr-kcDdgRYq/,"IG reel",,Lifetime,86812,1590,0,0,3,26
18200042278212069,17841400038483632,nix.doni,IPutuDoniAdiAnggara,"Manis kuningan gulem🥲 kita semangatin dulu dengan kopi mico biar lebih pedasss🔥☕️ kek promo menariknya @purapura.ponsel yuk gassss🔥
•
•
•
•
#purapuraponsel #omdonilele #kopibali #kopihitam #maniskuningan #omdonilele",29,"01/14/2023 21:30",https://www.instagram.com/reel/CnbJFzxLTMt/,"IG reel",,Lifetime,43,1309,0,0,14,0
18080989990348764,17841400038483632,nix.doni,IPutuDoniAdiAnggara,"semangat minggu ton janga lupa olga, dari pada muter "" cari hp keren"" mai gen @purapura.ponsel 🔥
•
•
•
#omdonilele #mandikopi #purapuraponsel #hp #ip #semangatminggu",27,"04/30/2023 00:53",https://www.instagram.com/reel/Crpwt_bOPKb/,"IG reel",,Lifetime,82,777,0,0,8,0
17859902783900673,17841414051683694,purapura.ponsel,"Pura Pura Ponsel","Ini dia perbandingan iphone X, Xs dan Xr 😍

✅ Dari segi desain iphone X dan Xs tidak jauh berbeda memiliki ukuran 5.8”. Sedangkan iphone Xr memiliki ukuran 6.1” 😎.
✅ Dari segi layar iphone X dan Xs sudah menggunakan layar Super Retina OLED, dan iphone Xr masih menggunakan layar Liquid Retina OLED 🥳.
✅ Dari segi performa iphone X menggunakan A11 bionic, sedangkan iphone Xs dan Xr menggunakan A12 bionic 😍.
✅ Untuk kamera iphone X dan Xs menggunakan 2 kamera belakang sedangkan Xr menggunakan 1 kamera saja 🥰.
✅ Untuk segi battery Xr unggul dengan kapasitas 2942mAh, sedangkan iphone X dan Xs di kisaran 2700an mAh 🤩.
 
Jadi kalian pilih yang mana?
Apapun pilihan kalian belinya tetap di Pura Pura Ponsel

#tipsiphone #trikiphone #ios17 #iphonedenpasar #purapuraponsel",56,"04/25/2023 03:25",https://www.instagram.com/reel/CrdKeuDALaK/,"IG reel",,Lifetime,138,629,0,0,11,57
17982569381025447,17841414051683694,purapura.ponsel,"Pura Pura Ponsel","Ngecharge iphone stuck di 80%? 😱
Jangan khawatir, battery kamu gak rusak kok.
Ini adalah salah satu fitur untuk memperpanjang usia battery iphone kalian.
 
Ini terjadi karena temperature battery naik dan akan melanjutkan pengisian daya saat suhu battery Kembali normal.
Solusinya :
✅ Bawa ke tempat yang lebih dingin atau
✅ Tunggu sampai suhu handphone Kembali normal.
 
Fitur ini ada sejak ios 13 dan ditambah fitur optimize battery charging sehingga battery kalian jadi lebih awet.
Jika masih stuck di 80% coba gunakan charger original dari apple, dan pastinya belinya di Pura Pura Ponsel

#tipsiphone #trikiphone #ios17 #iphonedenpasar #purapuraponsel",40,"04/23/2023 03:41",https://www.instagram.com/reel/CrYBjxbA0OO/,"IG reel",,Lifetime,68,549,0,0,4,84
17990650348794835,17841400038483632,nix.doni,IPutuDoniAdiAnggara,"sanje sanje ime ilang do ruwet ademin malu jak second ibox @purapura.ponsel 🔥🔥🔥
•
•
•
#omdonilele #mandikopi #purapuraponsel #hp #iphone #kesiman",12,"04/23/2023 02:32",https://www.instagram.com/reel/CrX6kBNOBlZ/,"IG reel",,Lifetime,79,1003,0,0,35,0
18226413307205158,17841414051683694,purapura.ponsel,"Pura Pura Ponsel","Yang perlu kalian cek saat beli iphone second 🤩

✅ pertama pastikan semua tombol berfungsi, seperti tombol power, silent, volume up dan down.
✅ kemudian cek wifi dan blutut untuk jaringan iponnya.
✅ cek juga bagian kamera, apakah ada noda atau bergetar.
✅ cek flash dan atur kecerahannya.
✅ dan yang terakhir pastikan speaker dan microphone berfungsi normal.

kalau mau cari iphone second pastinya di pura pura ponsel, karena unitnya sudah melalui quality control, jadi pasti aman 🥰
#tipsiphone #trikiphone #ios17 #iphonedenpasar #purapuraponsel",44,"04/20/2023 03:29",https://www.instagram.com/reel/CrQTAjzAA1F/,"IG reel",,Lifetime,82048,1587,0,0,5,435
17846110127970725,17841414051683694,purapura.ponsel,"Pura Pura Ponsel","Bandingin kamera iPhone 14 dengan iPhone 6 😱

✅ hasil kamera iPhone 6 lebih cerah karena langsung dilakukan pemrosesan.
✅ sedangkan iPhone 14 memiliki hasil foto yang masih mentah dan hasilnya lebih detail.
✅ untuk hasil video iPhone 6 memiliki HDR yang kurang bagus jika dibandingkan dengan iPhone 14.

jadi bagaimana menurut kalian?

#iphone11 #tipsiphone #trikiphone #ios17 #iphonedenpasar #purapuraponsel",35,"04/17/2023 02:00",https://www.instagram.com/reel/CrIaRXWgb5g/,"IG reel",,Lifetime,139,778,0,0,5,29
18061463758376483,17841400038483632,nix.doni,IPutuDoniAdiAnggara,"bo jek mandi kopi ibo, yuk madi 💦☕️ promo"" menarik di  @purapura.ponsel 
•
•
•
#omdonilele #mandikopi #purapuraponsel",15,"04/16/2023 00:52",https://www.instagram.com/reel/CrFtjOQrT8i/,"IG reel",,Lifetime,95,719,1,0,9,0
17950093202564256,17841414051683694,purapura.ponsel,"Pura Pura Ponsel","Pilih iPhone 11 atau 12 ya? 🤔
Dari segi harga
✅ iPhone 11 128GB dikisaran 9 jutaan
✅ iPhone 12 128GB diharga 12 jutaan.

iPhone 12 lebih unggul dari segi layar yang sudah menggunakan layar oled 😍 dan
chipset yang lebih baru yaitu A12 Bionic 🥰

Dari segi ukuran iPhone 11 dan 12 memiliki ukuran yang sama, namun iPhone12 lebih terasa ringan.
Dari segi kamera sama-sama memiliki 12MP.
Dari segi batrei lebih unggul iPhone 11 dengan 3110mAh.
Jadi kalian pilih yang mana?

Apapun pilihannya belinya tetep di warung mimin ya, lagi ada promo 🥰
✅ Cashback 300k
✅ Free adapter
✅ Free case premium
✅ Free tempered glass

#iphone11 #tipsiphone #trikiphone #ios17 #iphonedenpasar #purapuraponsel",42,"04/12/2023 02:48",https://www.instagram.com/reel/Cq7n6qMgeds/,"IG reel",,Lifetime,43,921,0,0,9,49
18213111052215946,17841400038483632,nix.doni,IPutuDoniAdiAnggara,"do ruwet"" ton iphone inter sudah terdaftar resmi,iphone second ibox/resmi indonesia cuma dini 🔥 @purapura.ponsel gasssss🔥🔥
•
•
•
#omdonilele #mandikopi #purapuraponsel",15,"04/11/2023 03:01",https://www.instagram.com/reel/Cq5EfrKJkW-/,"IG reel",,Lifetime,139,1759,2,0,47,0
18081122176339613,17841414051683694,purapura.ponsel,"Pura Pura Ponsel","Kalian bisa tebak mana yang iphone 14 Pro Max?
Mirip banget kan? mimin kasi tau nih.
Case premium yang bisa rubah iphone 13 Pro Max jadi mirip iphone 14 Pro Max.
Tersedia dari seri 11 sampai seri 14 Pro Max 😍
✅ Bahannya softcase
✅ sudah ada pelindung kamera dan
✅ support magsafenya
Yuk buruan koleksi casenya cuman di toko mimin ya 🥰
#iphone11 #tipsiphone #trikiphone #ios17 #iphonedenpasar #purapuraponsel",23,"04/07/2023 03:15",https://www.instagram.com/reel/CquzBN0A24j/,"IG reel",,Lifetime,73,521,0,0,11,39
17985167146985271,17841414051683694,purapura.ponsel,"Pura Pura Ponsel","Tahun 2023 ipon 11 masih worth it gak ya?
Mimin kasi tau ya, 3 alasan ipon 11 masih worth it untuk dibeli.
1️⃣ iphone 11 adalah iphone boba paling murah, dulu 11 jutaan sekarang cumin 7 jutaan aja. Dan masih ada garansi resminya.
2️⃣ walaupun rilis tahun 2019 tapi performanya masih oke banget, dipakai ini itu masih oke dan batrenya awet banget.
3️⃣ sudah jelas kameranya, ada kamera wide enjelnya yang paling sering dicari.
Itu dia alas an kenapa ipon 11 masih worth it di tahun 2023 apalagi belinya di toko mimin
ada promo
✅ free adapter dan
✅ cashback 300 ribu rupiah.
#iphone11 #tipsiphone #trikiphone #ios17 #iphonedenpasar #purapuraponsel",47,"04/06/2023 05:24",https://www.instagram.com/reel/Cqsbvb1gM1o/,"IG reel",,Lifetime,94988,2006,1,0,24,96
18001901425713652,17841400038483632,nix.doni,IPutuDoniAdiAnggara,"udahh beli bukaan belum ton🫢 semangat puasa ton🫶🙏 yuk berbuka dengan yg manis"" dengan promo"" di @purapura.ponsel 
•
•
•
#omdonilele #mandikopi #puasa #purapuraponsel #kopibali #kopisusu",15,"04/03/2023 02:14",https://www.instagram.com/reel/CqkYauyswZc/,"IG reel",,Lifetime,108,1699,0,0,52,0
17974939841165259,17841414051683694,purapura.ponsel,"Pura Pura Ponsel","Ini dia perbandingan iphone 12 dengan Samsung galaxy z flip 4.
Dari harga
Samsung Galaxy Z Flip 8/256GB : 11.999.000
Iphone 12 128GB Second Ibox : 11.899.000
Untuk Samsung sudah menggunakan charger type C, sedangkan iphone 12 masing menggunakan lightning.
Dari segi kamera belakang keduanya memiliki resolusi 12 mega pixel. Namun kamera depan iphone 12 lebih unggul dengan kamera 12 mega pixel.
Ini dia perbandingan hasil kameranya.
Untuk layar iphone 12 masih 60hz sedangkan Samsung galaxy flip 4 sudah 120hz.
Jadi kalian pilih mana iphone 12 atau Samsung galaxy z flip 4?
#iphone #samsung #iphone12 #zflip4 #tipsiphone #purapuraponsel",56,"03/28/2023 03:00",https://www.instagram.com/reel/CqVBeFXvCo3/,"IG reel",,Lifetime,91,1065,0,0,15,44
18002031643599334,17841414051683694,purapura.ponsel,"Pura Pura Ponsel","Ini dia perbedaan layer IPS dan oled.
Untuk yang menggunakan panel IPS Memiliki rasio kontras yang terbatas dan yang menggunakan panel oled memiliki kontras yang lebih tajam.
untuk panel oled memiliki warna gelap yang lebih bagus disbanding panel IPS.
Jika kalian mengalami masalah pada LCD Handphone kalian, bisa langsung bawa ke toko mimin ya, atau kalian bisa tanya-tanya via DM atau Whatsapp.
#iphone #tipsiphone #iphone11 #iphoneonly #serviceiphone #iphonedenpasar",33,"03/26/2023 05:13",https://www.instagram.com/reel/CqQG1M7AClE/,"IG reel",,Lifetime,66,433,0,0,0,27
18049809964410060,17841400038483632,nix.doni,IPutuDoniAdiAnggara,"semangat minggu sore ton🔥☕️ kira"" ada yg beda?🫢 ni looo selalu ada promo"" menarik di @purapura.ponsel yuk gass😬
•
•
•
#omdonilele #mandikopi  #kopibali #purapuraponsel",15,"03/26/2023 03:11",https://www.instagram.com/reel/CqP4GyMDTF0/,"IG reel",,Lifetime,136,3163,1,0,84,0
17978505074083567,17841414051683694,purapura.ponsel,"Pura Pura Ponsel","Ini dia fitur canggih yang jarang dipakai.
Fitur ini kalian bisa dimanfaatkan sebagai tag reader yang akan memudahkan sejumlah transaksi dan membaca sejumlah kartu lainnya.
Caranya buka aplikasi pintasan, automasi, buat automasi pribadi, scroll kebawah dan cari nfc, kemudian pilih pindai dan dekatkan kartu yang support nfc ke handphone kalian. Selanjutnya kalian tinggal beri nama.
Jikan kalian punya kendala dengan handphone kalian, kalian bisa dm atau chat mimin ya.
Selamat mencoba.

 #iphone11 #iphone12 #tipsiphone #iphoneonly #iphoneography",32,"03/25/2023 03:30",https://www.instagram.com/reel/CqNWIsvAOCi/,"IG reel",,Lifetime,43,168,0,0,0,34
17961688850240580,17841414051683694,purapura.ponsel,"Pura Pura Ponsel","Layar kalian kuning?
Jangan panik dulu, Mungkin fitur ini aktif.
Cukup kalian slide pojok kanan atas ke bawah, tahan pada kecerahan layer dan matikan True Tone.
tapi kalau masih kuning, harus segera dilakukan pemeriksaan, atau kalian bisa service di Pura Pura Ponsel.
 #iphone #tipsiphone",16,"03/24/2023 04:04",https://www.instagram.com/reel/CqK1foXArpx/,"IG reel",,Lifetime,60,135,1,0,0,19
18213705136209778,17841414051683694,purapura.ponsel,"Pura Pura Ponsel","Trik iphone, yang mungkin kamu belum tau.
Tau gak sih kalian cukup dengan menggeser homebar yang ada di bagian bawah untuk pindah aplikasi loh, mudah kan?
Selamat mencoba.
 #iphone #tipsiphone",16,"03/23/2023 03:08",https://www.instagram.com/reel/CqIKV8kgwZJ/,"IG reel",,Lifetime,32,269,0,0,1,18
17963572115341698,17841414051683694,purapura.ponsel,"Pura Pura Ponsel","Tips simple yang berguna banget.
Waktu kalian selfie hasilnya ke mirror gini?
Ini mimin kasi tau caranya.
Buka pengaturan, cari kamera, centang pada cerminkan kamera depan.
Selamat mencoba 
#iphone #tipsiphone",19,"03/20/2023 21:24",https://www.instagram.com/reel/CqCZVWNg1Vk/,"IG reel",,Lifetime,74,299,0,0,0,93
18053305141399359,17841414051683694,purapura.ponsel,"Pura Pura Ponsel","Cara agar Battrey kalian awet.
Di websitenya apple sudah dikasi tau ya,
Kalau ngecharge jangan gunakan casing ya. Karena berpotensi overheat.
Jadi kalua kalian menggunakan casing usahakan saat ngecharge casingnya dilepas ya.
Selamat mencoba.
 #iphone #tipsiphone",21,"03/19/2023 23:11",https://www.instagram.com/reel/CqAA1w1ADyW/,"IG reel",,Lifetime,36,224,0,0,2,60
18280222927108828,17841414051683694,purapura.ponsel,"Pura Pura Ponsel","Flash nyala saat ada notifikasi?.
Caranya buka pengaturan, cari aksesibilitas, pilih audio visual, cari kilat LED peringatan, dan aktifkan semuanya.
Selamat Mencoba.
#iphone #tipsiphone",22,"03/19/2023 01:24",https://www.instagram.com/reel/Cp9rL1Egf0T/,"IG reel",,Lifetime,70,359,0,0,4,127
17988317071754476,17841400038483632,nix.doni,IPutuDoniAdiAnggara,"semangat minggu ton udah mau nyepi ni yukk gass ritual madi kopinya dulu🔥🔥🔥☕️ di @purapura.ponsel ada promo"" menarik lo sepiyal nyepi🙏
•
•
•
•
 #omdonilele #kopibali #mandikopi #purapuraponsel",29,"03/18/2023 22:30",https://www.instagram.com/reel/Cp9W5-ADJ86/,"IG reel",,Lifetime,94,943,0,0,15,0
17967378458106656,17841414051683694,purapura.ponsel,"Pura Pura Ponsel","3 trik iphone yang mungkin belum kamu tau.
Yang pertama kalian bisa cek harga mata uang negara lain tanpa buka google.
Tinggal kalian ketik mata uang dan noimalnya dan hasilnya akan langsung muncul.
 
Yang kedua kalian bisa atur flash kalian, cukup tahan icon flash dan sesuaikan dengan yang kalian mau.
Dan yang terakhir, kalau kalian suka nulis di note kalian bisa undo dengan shake iphone kalian.
Sekian trik dari mimin, jangan lupa share ke teman kalian.
Selamat mencoba.
#iphone #tipsiphone",32,"03/18/2023 03:41",https://www.instagram.com/reel/Cp7WFs8gw4w/,"IG reel",,Lifetime,54,268,0,0,0,50
18178980820266494,17841414051683694,purapura.ponsel,"Pura Pura Ponsel","Cara membuat wallpaper emoji di iPhone 🥰.
Pastikan ios kalian sudah menggunakan ios 16.
Buka menu “Settings” dari layar “home” iPhone.
Setelah itu, klik menu pengaturan “Wallpaper” dan pilih opsi “Tambah Wallpaper Baru”.
Kemudian, pilih opsi wallpaper dengan tema “Emoji”.
 
Saat halaman pengaturan wallpaper terbuka, pilih beberapa emoji sesuai keinginan.
Pengguna bisa memilih hingga enam emoji berbeda untuk masuk ke wallpaper.
Warna background wallpaper juga bisa diubah dengan klik ikon titik tiga yang berada di bagian bawah halaman pengaturan wallpaper.
Terakhir, klik opsi “Tambah” dan kini wallpaper emoji berhasil dibuat.
Selamat Mencoba.
#iphone #tipsiphone",42,"03/16/2023 03:58",https://www.instagram.com/reel/Cp2OXUCApfa/,"IG reel",,Lifetime,167,97,0,0,0,9
17982378910865598,17841414051683694,purapura.ponsel,"Pura Pura Ponsel","karena banyak yang request dari kalian nih mimin buatin
karena mimin belum ada s23 Ultra jadi mimin pake Galaxy S10 ya 🥹, tenang mimin bandingin sama iphone 8 kok.
Samsung Galaxy S10 keluaran tahun 2019 dan iPhone 8 keluaran tahun 2017
dari segi kamera masing-masing dibekali sensor 12MP 😃
video gak ada mimin koreksi ya warnanya jadi emang bawaan dari hasilnya.
jadi kalian lebih suka yang mana nih?
Samsung Galaxy S10 atau iPhone 8?
komen dibawah ya 😃
#iphone #tipsiphone",31,"03/15/2023 02:51",https://www.instagram.com/reel/Cpzh9fLg4l3/,"IG reel",,Lifetime,38,772,0,0,8,36
18040323031438139,17841414051683694,purapura.ponsel,"Pura Pura Ponsel","haduh haduh jadi ini nih yang mimin rasain sebelum dan sesudah pakai iphone
untuk segi kamera iphone memang masih unggul dari merk lain. jadi gak jarang para content creator memilih iphone untuk dijadikan alat untuk membuat konten.
jadi untuk kalian yang baru masuk ke ranah content creator gak salah pilih deh kalau kalian pakai iphone, apalagi belinya di pura pura ponsel, yang barangnya berkualitas dan banyak promonya, jadi tunggu apalagi yuk mampir ke toko mimin, mimin tunggu ya sampai jam 10 malam 🥰
#iphone #tipsiphone",32,"03/13/2023 03:15",https://www.instagram.com/reel/CpubN3NBq9L/,"IG reel",,Lifetime,39,1411,0,0,24,54
17974293149128804,17841414051683694,purapura.ponsel,"Pura Pura Ponsel","Cara mengaktifkan fitur dark mode di iPhone kamu.
Buka ""Pengaturan"". scrol ke bawah dan ketuk ""Tampilan & Kecerahan"".
Pilih ""Mode Gelap"" atau ""Dark Mode"".
Kamu dapat memilih untuk mengaktifkan ""Mode Gelap"" secara otomatis, mengikuti jadwal waktu, atau mengaktifkannya secara manual.
 
Jika kamu ingin mengaktifkan ""Mode Gelap"" secara manual, kamu dapat memilih opsi ""Mode Gelap"" dari panel kontrol dengan cara menggeser ke bawah dari sudut kanan atas layar.
 
Itulah langkah-langkah untuk mengaktifkan fitur dark mode di iPhone kamu.
Kamu dapat dengan mudah beralih antara mode gelap dan mode terang dengan mengikuti langkah-langkah di atas.
Selamat mencoba.
#iphone #tipsiphone",30,"03/12/2023 03:24",https://www.instagram.com/reel/Cpr3cH9ACGj/,"IG reel",,Lifetime,133,186,0,0,1,19
18283855975100645,17841400038483632,nix.doni,IPutuDoniAdiAnggara,"aku ter komang komang☕️🥹 melihat promo"" menarik di @purapura.ponsel 
•
•
•
•
#omdonilele #kopibali #mandikopi #purapuraponsel",15,"03/11/2023 19:06",https://www.instagram.com/reel/CprE-LrsBcS/,"IG reel",,Lifetime,59,855,0,0,25,0
18180629365251055,17841414051683694,purapura.ponsel,"Pura Pura Ponsel","Waahh buat kalian pecinta ultra wide kini instagram story udah bisa loh 😍, caranya juga gampang banget. Dijamin story kalian jadi kebih keren. Hp kalian belum ada 0,5nya? Bisa tukar tambah di pura-pura ponsel loh untuk iphone 11 lagi turun harga, yuk mampir ke toko mimin, mimin tunggu ya🥰
#iphone #tipsiphone",25,"03/11/2023 02:30",https://www.instagram.com/reel/CppS-dzgRB_/,"IG reel",,Lifetime,36,364,0,0,2,20
17893623731782843,17841414051683694,purapura.ponsel,"Pura Pura Ponsel","Kalian user android tapi mau pindah pakai iphone, tapi bingung cara pindah datanya?
tenang mimin punya caranya nih, kalian bisa pakai aplikasi Move To iOS, aplikasi ini resmi dari apple loh, kalian bisa download aja di play store, nah untuk caranya mimin sudah jelasin ya di video, tapi kalau kalian beli di Pura Pura Ponsel pasti dibantuin kok sama teman-teman mimin. jadi tunggu apa lagi, buruan mumpung lagi ada promo nih di toko mimin 🥰.
#iphone #tipsiphone",81,"03/10/2023 01:55",https://www.instagram.com/reel/CpmqYrxA-o2/,"IG reel",,Lifetime,80,217,2,0,2,142
17965430567122723,17841414051683694,purapura.ponsel,"Pura Pura Ponsel","Mengenal fitur Waktu Henti.
Kalian sering susah tidur dimalam hari? Sama nih mimin juga.
Eitss tapi mimin punya tips nih buat kalian yang hobi begadang, kenalin nih fitur waktu henti atau down time.
 
Caranya masuk ke pengaturan, cari durasi layar pilih waktu henti centang pada bagian terjadwal kemudian kalian bisa sesuaikan deh dengan jam tidur kalian.
 
Jika fitur ini aktif aplikasi kalian gak bakal bisa dibuka nih, karena salah satu factor penyebab susah tidur yaitu blue light dari handphone kalian.
Selamat mencoba. 
#iphone #tipsiphone",34,"03/09/2023 01:52",https://www.instagram.com/reel/CpkFTxag-kh/,"IG reel",,Lifetime,32,109,0,0,0,14
18073929295344861,17841414051683694,purapura.ponsel,"Pura Pura Ponsel","Haduuhh mimin ketinggalan update nih baru tau cara ini 😀, ada juga yang baru tau kayak mimin? Kalau susah di klik kalian bisa arahin aja pakai spasi loh midah banget 😍 jangan lupa share ke temen kalian ya 🥰",18,"03/08/2023 02:27",https://www.instagram.com/reel/Cphkc9lAk2u/,"IG reel",,Lifetime,28,158,0,0,1,14
17978296577024064,17841414051683694,purapura.ponsel,"Pura Pura Ponsel","Buat kalian yang suka pakai note untuk catet barang belanjaan atau lainnya, mimin punya tips yang pasti berguna banget nih buat kalian.
tau gak sih kalian kalau list di note bisa kalian geser aja loh untuk mindahin posisinya 😱
kalian pasti kaget kan? mimin juga loh
jangan lupa bagiin tips ini ke temen kalian yah.
selamat mencoba 🥳
#tipsiphone #iphone",17,"03/07/2023 01:42",https://www.instagram.com/reel/Cpe6io2AQEJ/,"IG reel",,Lifetime,23,218,0,0,1,14
17981246497958777,17841400038483632,nix.doni,IPutuDoniAdiAnggara,"Gara"" kopi campur bumbu oporrr ayam jadi amnneeesia🥲 ☕️🤣 tapi jagan sampai dibuat amnesia gara"" promonya @purapura.ponsel 🤣 
•
•
•
#omdonilele #kopibali #mandikopi #operayam #purapuraponsel",50,"03/06/2023 01:32",https://www.instagram.com/reel/CpcUYTAPRYA/,"IG reel",,Lifetime,62,785,0,0,7,0
17966092616198447,17841414051683694,purapura.ponsel,"Pura Pura Ponsel","Hallo sobat purpur, mimin punya tips baru nih buat kalian yang belum tau.
Kalian tau gak suh di iPhone XS, iPhone XR, dan lebih baru, Kamera  dapat menyalin, membagikan, mencari, dan menerjemahkan teks yang muncul di bingkai kamera. Kamera juga menyediakan tindakan cepat untuk dengan cepat memanggil nomor telepon, mengunjungi situs web, mengonversi mata uang, dan lainnya, berdasarkan teks yang muncul di bingkai.
Caranya udah mimin kasi tau di videonya ya, selamat mencoba.
Tag temen kalain biar tau cara ini ya
#purapuraponsel #tipsiphone #iphone #iphone11",33,"03/05/2023 04:43",https://www.instagram.com/reel/CpaFsPxgSFF/,"IG reel",,Lifetime,52,406,0,0,0,105
17956865171271392,17841414051683694,purapura.ponsel,"Pura Pura Ponsel","Siapa nih bestie purpur yang hobi fotoan pake handphone nya ?
Nih mimin kasi tips agar kualitas foto maupun video kalian makin jernih hasilnya🥰

#purapuraponsel #tipsiphone #iphone11",35,"03/04/2023 04:46",https://www.instagram.com/reel/CpXhPMUAn7r/,"IG reel",,Lifetime,76,937,0,0,8,487
17975933659908587,17841400038483632,nix.doni,IPutuDoniAdiAnggara,"semangat minggu sore ton 💪 udah pada mandi belum ni ? madi yuk💦 biar basah"" bareng promo"" menarik @purapura.ponsel 
•
•
•
#omdonilele #kopibali #mandikopi #minggusore #purapuraponsel",15,"02/26/2023 01:10",https://www.instagram.com/reel/CpHrmnUPSGR/,"IG reel",,Lifetime,43,1437,0,0,34,0
17960916695360122,17841400038483632,nix.doni,IPutuDoniAdiAnggara,"buat semeton yg lagi buat ogoh"" semangat 4 5 yen sing jak 4 ajak 5 tetep semangat ton💪🔥☕️ kek hp di @purapura.ponsel tetep semngat promonya🔥
•
•
•
#omdonilele #kopibali #mandikopi #ogohogoh #semangat45 #purapuraponsel",26,"02/18/2023 20:55",https://www.instagram.com/reel/Co1M8kYLx6t/,"IG reel",,Lifetime,61,2396,3,0,53,0
18243508780158684,17841414051683694,purapura.ponsel,"Pura Pura Ponsel","Sedikit tips dari mimin nih buat kalian yang mau warna fotonya jadi lebih bagus
kalian bisa ikutin settingan dari mimin atau sesuaiin sama foto kalian ya
kalau sudah jadi jangan lupa post di instagram dan tag mimin ya 😊",42,"02/14/2023 01:47",https://www.instagram.com/reel/Coo2fjAgR75/,"IG reel",,Lifetime,40,729,0,0,4,280
17995371553662962,17841414051683694,purapura.ponsel,"Pura Pura Ponsel","Kalian user iPhone udah kenal sama Steve Jobs belum?
Kalau belum kenalin sih sang pendiri perusahaan apple 😍
Jadi ada beberapa fakta unik nih yang udah mimin rangkum buat kalian
Kalian tau gak sih kalau Steve Jobs ini merupakan anak angkat 😱
.
Dan fakta unik yang paling mengejutkan adalah
harga iPhone second ex-ibox di Pura Pura Ponsel lagi turun harga loh spesial hari valentine, jadi buat kalian yang bingung mau kasi kado apa kepasangan beliin iPhone aja selain iPhone Second ready juga iPhone Brand New.
Yuk tag pasangan kalian sekalian kodein siapa tau dapet kado yakan 😍😍",0,"02/12/2023 02:18",https://www.instagram.com/p/CojwdZXv8Zx/,"IG carousel",,Lifetime,17,349,0,0,0,14
17954169815407249,17841400038483632,nix.doni,IPutuDoniAdiAnggara,"semangat minggu ton kun ngae gule yahh ado kopi liak ahhh nyangluhhh🤣☕️🥲 care promo"" menarik di @purapura.ponsel 
•
•
•
•
#omdonilele #kopibali #mandikopi #purapauraponsel #purapuraponsel #kopihitam #hpbali #hp #ip",15,"02/12/2023 00:23",https://www.instagram.com/reel/CojjGjUti9d/,"IG reel",,Lifetime,79,1193,1,0,30,0
17996681809600339,17841414051683694,purapura.ponsel,"Pura Pura Ponsel","Naarubad saja pernah belanja di toko mimin, kalian kapan?
Tebak naruto aslinya dari mana?",18,"02/11/2023 06:00",https://www.instagram.com/reel/CohlCQ-goDB/,"IG reel",,Lifetime,27,608,0,0,7,4
17947590290525341,17841414051683694,purapura.ponsel,"Pura Pura Ponsel","User android bukan sembarang user android ni boss😎
Kalian pasti punya temen kayak gini, HP masih android tapi tabungannya banyak 🤑
Selain seri iphone toko mimin juga ready seri Android loh, kalian bisa kredit dan tukar tambah juga
Tag temen kalian yang hpnya masih jadul, tapi tabungannya banyak 😍",17,"02/10/2023 01:04",https://www.instagram.com/reel/CoeeRD6Aa5f/,"IG reel",,Lifetime,38,728,0,0,4,25
17969919824313225,17841414051683694,purapura.ponsel,"Pura Pura Ponsel","Mimin lagi sedih nih dibilang tidak bertanggung jawab 🥹
Padahal  sudah mimin jelasin tentang unitnya.
Jadi buat kalian yang mau cari iPhone second yang aman dan berkualitas tidak perlu ragu untuk pilih toko mimin.
Untuk kalian yang masih belum bisa sinyal mimin mohon untuk kesabarannya ya, pasti mimin proses kok atau bisa hubungi nomor yang ada di linktr.ee mimin ya ☺️",22,"02/09/2023 00:29",https://www.instagram.com/reel/Cob1ELagzUm/,"IG reel",,Lifetime,37,651,0,0,55,22
17919397280670219,17841414051683694,purapura.ponsel,"Pura Pura Ponsel","Padahal jaman lagi susah kok bisa ya orang-orang beli iPhone 14 Pro Max?
Oiya kan lagi ada promo di Pura Pura Ponsel, jadi tunggu apalagi yuk buruan merapat 😍😍
Kalian #timnabung atau #timhpbaru nih?",20,"02/08/2023 04:05",https://www.instagram.com/reel/CoZpHxDAjD6/,"IG reel",,Lifetime,37,526,0,0,2,8
17962771046264366,17841414051683694,purapura.ponsel,"Pura Pura Ponsel","Ini dia nih best seller dan yang paling dicari di toko mimin diawal tahun 2023 ini, dari performa antara iphone XR dan iphone 11 tidak jauh berbeda, tapi iphone 11 sudah dilengkapi dengan kamera 0,5 yang kece abis 😍 jadi kalian lebih pilih iphone XR atau iphone 11 nih?
Komen dibawah ya 😊",29,"02/07/2023 01:20",https://www.instagram.com/reel/CoWxaIXgkTh/,"IG reel",,Lifetime,48,595,0,0,4,34
18041344717412291,17841414051683694,purapura.ponsel,"Pura Pura Ponsel","Jadi kalian tim iphone resmi atau tim inter nih?
Yuk komen kalian #timinter atau #timresmi",23,"02/06/2023 02:14",https://www.instagram.com/reel/CoUTH9sgPrc/,"IG reel",,Lifetime,73,1387,0,0,77,585
18264614755140766,17841400038483632,nix.doni,IPutuDoniAdiAnggara,"sabtu jani ton gasss ajak malming ijep 🔥☕️ yan malming jak k @purapura.ponsel ngalih promo"" 🤣
•
•
•
#omdonilele #kopihitam #purapuraponsel #omdonilele",15,"02/03/2023 17:28",https://www.instagram.com/reel/CoONVNVgDYc/,"IG reel",,Lifetime,55,1131,0,0,26,0
17945157005348275,17841400038483632,nix.doni,IPutuDoniAdiAnggara,"selamat hari Arak ton suksema pak yan🔥🍻☕️ tetep nguyak arak bareng promo di @purapura.ponsel 
•
•
•
•
#omdonilele #kopihitam  #purapuraponsel #kopibali #mandikopi",15,"01/29/2023 02:34",https://www.instagram.com/reel/Cn_vB8XPYC7/,"IG reel",,Lifetime,35,1965,0,0,34,0
17978080825832807,17841400038483632,nix.doni,IPutuDoniAdiAnggara,"Rahajeng Happy Chinese New Yaer🐇🐉☕️ kopi santen ni bosss,,, jeg nyangluh cari promo"" @purapura.ponsel 
•
•
•
#omdonilele #kopihitam #kopibali #purapuraponsel #imlex #gongxifacai #happychinesenewyear",15,"01/21/2023 22:09",https://www.instagram.com/reel/CntO8EkOvau/,"IG reel",,Lifetime,58,1092,0,0,10,0
